{
  "display": {
    "background": "minecraft:textures/block/stone.png",
    "icon": {
      "item": "galaxy_core:agujero_negro"
    },
    "title": {
      "translate": "advancements.enterserver.title"
    },
    "description": {
      "translate": "advancements.enterserver.descr"
    },
    "frame": "challenge",
    "show_toast": true,
    "announce_to_chat": true,
    "hidden": false
  },
  "criteria": {
    "enterserver": {
      "trigger": "minecraft:changed_dimension",
      "conditions": {
        "to": "minecraft:overworld"
      }
    }
  }
}