{
	"credit": "Made with Blockbench",
	"texture_size": [32, 32],
	"textures": {
		"1": "dorito1",
		"2": "dorito2"
	},
	"elements": [
		{
			"from": [4, 0, 6],
			"to": [11, 9, 9],
			"rotation": {"angle": 0, "axis": "y", "origin": [3, 0, 6]},
			"faces": {
				"north": {"uv": [0, 0, 3.5, 4.5], "texture": "#1"},
				"east": {"uv": [0, 4.5, 1.5, 9], "texture": "#1"},
				"south": {"uv": [3.5, 0, 7, 4.5], "texture": "#1"},
				"west": {"uv": [1.5, 4.5, 3, 9], "texture": "#1"},
				"up": {"uv": [6.5, 6, 3, 4.5], "texture": "#1"},
				"down": {"uv": [6.5, 6, 3, 7.5], "texture": "#1"}
			}
		},
		{
			"from": [4, 9, 6.5],
			"to": [11, 10, 8.5],
			"rotation": {"angle": 0, "axis": "y", "origin": [3, 1, 6]},
			"faces": {
				"north": {"uv": [6.5, 6.5, 10, 7], "texture": "#1"},
				"east": {"uv": [1.5, 9, 2.5, 9.5], "texture": "#1"},
				"south": {"uv": [7, 0, 10.5, 0.5], "texture": "#1"},
				"west": {"uv": [2.5, 9, 3.5, 9.5], "texture": "#1"},
				"up": {"uv": [10, 5.5, 6.5, 4.5], "texture": "#1"},
				"down": {"uv": [10, 5.5, 6.5, 6.5], "texture": "#1"}
			}
		},
		{
			"from": [4.25, 10, 7],
			"to": [10.75, 11, 8],
			"rotation": {"angle": 0, "axis": "y", "origin": [3, 1, 6]},
			"faces": {
				"north": {"uv": [7, 0.5, 10.25, 1], "texture": "#1"},
				"east": {"uv": [1.5, 10, 2, 10.5], "texture": "#1"},
				"south": {"uv": [7, 1, 10.25, 1.5], "texture": "#1"},
				"west": {"uv": [2, 10, 2.5, 10.5], "texture": "#1"},
				"up": {"uv": [10.25, 2, 7, 1.5], "texture": "#1"},
				"down": {"uv": [10.25, 2, 7, 2.5], "texture": "#1"}
			}
		},
		{
			"from": [3.3, 9, 6.5],
			"to": [4.3, 11, 8.5],
			"rotation": {"angle": 0, "axis": "y", "origin": [2.3, 9, 6]},
			"faces": {
				"north": {"uv": [9, 3, 9.5, 4], "texture": "#1"},
				"east": {"uv": [4.5, 7.5, 5.5, 8.5], "texture": "#1"},
				"south": {"uv": [3.5, 9, 4, 10], "texture": "#1"},
				"west": {"uv": [5.5, 7.5, 6.5, 8.5], "texture": "#1"},
				"up": {"uv": [4.5, 10, 4, 9], "texture": "#1"},
				"down": {"uv": [5.5, 9, 5, 10], "texture": "#1"}
			}
		},
		{
			"from": [10.7, 0, 6],
			"to": [11.7, 2, 9],
			"rotation": {"angle": 0, "axis": "z", "origin": [9.7, 0, 6]},
			"faces": {
				"north": {"uv": [5.5, 9, 6, 10], "texture": "#1"},
				"east": {"uv": [7, 2.5, 8.5, 3.5], "texture": "#1"},
				"south": {"uv": [6, 9, 6.5, 10], "texture": "#1"},
				"west": {"uv": [7, 3.5, 8.5, 4.5], "texture": "#1"},
				"up": {"uv": [8, 9.5, 7.5, 8], "texture": "#1"},
				"down": {"uv": [8.5, 8, 8, 9.5], "texture": "#1"}
			}
		},
		{
			"from": [11.2, 0, 6],
			"to": [12.2, 1, 9],
			"rotation": {"angle": 0, "axis": "z", "origin": [10.2, -1, 6]},
			"faces": {
				"north": {"uv": [10, 2.5, 10.5, 3], "texture": "#1"},
				"east": {"uv": [8.5, 2.5, 10, 3], "texture": "#1"},
				"south": {"uv": [10, 3, 10.5, 3.5], "texture": "#1"},
				"west": {"uv": [3, 8.5, 4.5, 9], "texture": "#1"},
				"up": {"uv": [9, 4.5, 8.5, 3], "texture": "#1"},
				"down": {"uv": [5, 8.5, 4.5, 10], "texture": "#1"}
			}
		},
		{
			"from": [2.8, 0, 6],
			"to": [3.8, 1, 9],
			"rotation": {"angle": 0, "axis": "z", "origin": [1.8, -1, 6]},
			"faces": {
				"north": {"uv": [3.5, 10, 4, 10.5], "texture": "#1"},
				"east": {"uv": [5, 8.5, 6.5, 9], "texture": "#1"},
				"south": {"uv": [10, 3.5, 10.5, 4], "texture": "#1"},
				"west": {"uv": [8.5, 8, 10, 8.5], "texture": "#1"},
				"up": {"uv": [9, 10, 8.5, 8.5], "texture": "#1"},
				"down": {"uv": [0.5, 9, 0, 10.5], "texture": "#1"}
			}
		},
		{
			"from": [3.3, 0, 6],
			"to": [4.3, 2, 9],
			"rotation": {"angle": 0, "axis": "z", "origin": [2.3, 0, 6]},
			"faces": {
				"north": {"uv": [6.5, 9, 7, 10], "texture": "#1"},
				"east": {"uv": [6.5, 7, 8, 8], "texture": "#1"},
				"south": {"uv": [7, 9, 7.5, 10], "texture": "#1"},
				"west": {"uv": [3, 7.5, 4.5, 8.5], "texture": "#1"},
				"up": {"uv": [1, 10.5, 0.5, 9], "texture": "#1"},
				"down": {"uv": [1.5, 9, 1, 10.5], "texture": "#1"}
			}
		},
		{
			"from": [10.7, 9, 6.75],
			"to": [11.7, 11, 8.5],
			"rotation": {"angle": 0, "axis": "y", "origin": [9.7, 9, 6]},
			"faces": {
				"north": {"uv": [9, 7, 9.5, 8], "texture": "#1"},
				"east": {"uv": [6.5, 8, 7.375, 9], "texture": "#1"},
				"south": {"uv": [9, 8.5, 9.5, 9.5], "texture": "#1"},
				"west": {"uv": [8, 7, 8.875, 8], "texture": "#1"},
				"up": {"uv": [10, 3.875, 9.5, 3], "texture": "#2"},
				"down": {"uv": [10, 7, 9.5, 7.875], "texture": "#1"}
			}
		},
		{
			"from": [11.2, 10, 6.75],
			"to": [12.2, 11, 8.5],
			"rotation": {"angle": 0, "axis": "y", "origin": [10.2, 9, 6]},
			"faces": {
				"north": {"uv": [4, 10, 4.5, 10.5], "texture": "#1"},
				"east": {"uv": [7.5, 9.5, 8.375, 10], "texture": "#1"},
				"south": {"uv": [10, 4, 10.5, 4.5], "texture": "#1"},
				"west": {"uv": [9.5, 8.5, 10.375, 9], "texture": "#1"},
				"up": {"uv": [9.5, 10.375, 9, 9.5], "texture": "#1"},
				"down": {"uv": [10, 9, 9.5, 9.875], "texture": "#1"}
			}
		},
		{
			"from": [2.8, 10, 6.5],
			"to": [3.8, 11, 8.5],
			"rotation": {"angle": 0, "axis": "y", "origin": [1.8, 9, 6]},
			"faces": {
				"north": {"uv": [4.5, 10, 5, 10.5], "texture": "#1"},
				"east": {"uv": [9, 4, 10, 4.5], "texture": "#1"},
				"south": {"uv": [10, 4.5, 10.5, 5], "texture": "#1"},
				"west": {"uv": [1.5, 9.5, 2.5, 10], "texture": "#1"},
				"up": {"uv": [3, 10.5, 2.5, 9.5], "texture": "#1"},
				"down": {"uv": [3.5, 9.5, 3, 10.5], "texture": "#1"}
			}
		}
	],
	"gui_light": "front",
	"display": {
		"thirdperson_righthand": {
			"rotation": [63.08, 44, 4.07],
			"translation": [-1.25, 0, 1.5],
			"scale": [0.8, 0.8, 0.8]
		},
		"thirdperson_lefthand": {
			"rotation": [73, 35, -3],
			"translation": [-1.25, -0.25, 1.75],
			"scale": [0.8, 0.8, 0.8]
		},
		"firstperson_righthand": {
			"rotation": [12, -91, 3],
			"translation": [5.25, 3, 0]
		},
		"firstperson_lefthand": {
			"rotation": [4, 116, 0],
			"translation": [5.25, 3.5, 0]
		},
		"ground": {
			"translation": [0, 4.5, 0.5]
		},
		"gui": {
			"translation": [0.75, 3, 0],
			"scale": [1.37, 1.3, 1.3]
		},
		"head": {
			"translation": [0.5, 4.5, -5.75]
		},
		"fixed": {
			"translation": [0.75, 5, -1.25],
			"scale": [1.8, 1.8, 1.8]
		}
	}
}