{
	"credit": "Made with Blockbench",
	"texture_size": [32, 32],
	"textures": {
		"0": "block/texture",
		"particle": "block/texture"
	},
	"elements": [
		{
			"from": [6.1, 5, 5.5],
			"to": [7.1, 6, 7.5],
			"rotation": {"angle": -45, "axis": "x", "origin": [8.6, 3, 6.5]},
			"faces": {
				"north": {"uv": [10, 7, 10.5, 7.5], "texture": "#0"},
				"east": {"uv": [8.5, 8, 9.5, 8.5], "texture": "#0"},
				"south": {"uv": [7.5, 10, 8, 10.5], "texture": "#0"},
				"west": {"uv": [9, 2, 10, 2.5], "texture": "#0"},
				"up": {"uv": [2, 10, 1.5, 9], "texture": "#0"},
				"down": {"uv": [9.5, 4.5, 9, 5.5], "texture": "#0"}
			}
		},
		{
			"from": [7.35, 5, 5.5],
			"to": [8.35, 6, 7.5],
			"rotation": {"angle": -45, "axis": "x", "origin": [9.85, 3, 6.5]},
			"faces": {
				"north": {"uv": [10, 7.5, 10.5, 8], "texture": "#0"},
				"east": {"uv": [9, 5.5, 10, 6], "texture": "#0"},
				"south": {"uv": [10, 8, 10.5, 8.5], "texture": "#0"},
				"west": {"uv": [6, 9, 7, 9.5], "texture": "#0"},
				"up": {"uv": [7.5, 10, 7, 9], "texture": "#0"},
				"down": {"uv": [8, 9, 7.5, 10], "texture": "#0"}
			}
		},
		{
			"from": [6.1, 2, 4.75],
			"to": [7.1, 3, 5.75],
			"rotation": {"angle": 0, "axis": "x", "origin": [8.6, 5, 4.75]},
			"faces": {
				"north": {"uv": [10, 8.5, 10.5, 9], "texture": "#0"},
				"east": {"uv": [10, 9, 10.5, 9.5], "texture": "#0"},
				"south": {"uv": [9.5, 10, 10, 10.5], "texture": "#0"},
				"west": {"uv": [10, 9.5, 10.5, 10], "texture": "#0"},
				"up": {"uv": [10.5, 10.5, 10, 10], "texture": "#0"},
				"down": {"uv": [1, 10.5, 0.5, 11], "texture": "#0"}
			}
		},
		{
			"from": [9.85, 6.25, 6.75],
			"to": [10.85, 7.25, 7.75],
			"rotation": {"angle": -45, "axis": "x", "origin": [12.35, 7.25, 9.75]},
			"faces": {
				"north": {"uv": [10.5, 0.5, 11, 1], "texture": "#0"},
				"east": {"uv": [1, 10.5, 1.5, 11], "texture": "#0"},
				"south": {"uv": [10.5, 1, 11, 1.5], "texture": "#0"},
				"west": {"uv": [10.5, 1.5, 11, 2], "texture": "#0"},
				"up": {"uv": [11, 2.5, 10.5, 2], "texture": "#0"},
				"down": {"uv": [11, 2.5, 10.5, 3], "texture": "#0"}
			}
		},
		{
			"from": [8.6, 6.25, 6.75],
			"to": [9.6, 7.25, 7.75],
			"rotation": {"angle": -45, "axis": "x", "origin": [11.1, 7.25, 9.75]},
			"faces": {
				"north": {"uv": [10.5, 3, 11, 3.5], "texture": "#0"},
				"east": {"uv": [10.5, 3.5, 11, 4], "texture": "#0"},
				"south": {"uv": [10.5, 4, 11, 4.5], "texture": "#0"},
				"west": {"uv": [5, 10.5, 5.5, 11], "texture": "#0"},
				"up": {"uv": [6, 11, 5.5, 10.5], "texture": "#0"},
				"down": {"uv": [11, 5.5, 10.5, 6], "texture": "#0"}
			}
		},
		{
			"from": [6.1, 6.25, 6.75],
			"to": [7.1, 7.25, 7.75],
			"rotation": {"angle": -45, "axis": "x", "origin": [8.6, 7.25, 9.75]},
			"faces": {
				"north": {"uv": [6, 10.5, 6.5, 11], "texture": "#0"},
				"east": {"uv": [10.5, 6, 11, 6.5], "texture": "#0"},
				"south": {"uv": [6.5, 10.5, 7, 11], "texture": "#0"},
				"west": {"uv": [10.5, 6.5, 11, 7], "texture": "#0"},
				"up": {"uv": [11, 7.5, 10.5, 7], "texture": "#0"},
				"down": {"uv": [8, 10.5, 7.5, 11], "texture": "#0"}
			}
		},
		{
			"from": [5.35, 3.75, 9.75],
			"to": [6.35, 4.75, 10.75],
			"rotation": {"angle": -22.5, "axis": "y", "origin": [7.85, 6.75, 9.75]},
			"faces": {
				"north": {"uv": [10.5, 7.5, 11, 8], "texture": "#0"},
				"east": {"uv": [8, 10.5, 8.5, 11], "texture": "#0"},
				"south": {"uv": [10.5, 8, 11, 8.5], "texture": "#0"},
				"west": {"uv": [8.5, 10.5, 9, 11], "texture": "#0"},
				"up": {"uv": [11, 9, 10.5, 8.5], "texture": "#0"},
				"down": {"uv": [9.5, 10.5, 9, 11], "texture": "#0"}
			}
		},
		{
			"from": [7.35, 6.25, 6.75],
			"to": [8.35, 7.25, 7.75],
			"rotation": {"angle": -45, "axis": "x", "origin": [9.85, 7.25, 9.75]},
			"faces": {
				"north": {"uv": [10.5, 9, 11, 9.5], "texture": "#0"},
				"east": {"uv": [9.5, 10.5, 10, 11], "texture": "#0"},
				"south": {"uv": [10.5, 9.5, 11, 10], "texture": "#0"},
				"west": {"uv": [10, 10.5, 10.5, 11], "texture": "#0"},
				"up": {"uv": [11, 10.5, 10.5, 10], "texture": "#0"},
				"down": {"uv": [11, 10.5, 10.5, 11], "texture": "#0"}
			}
		},
		{
			"from": [8.6, 2, 4.75],
			"to": [9.6, 3, 5.75],
			"rotation": {"angle": 0, "axis": "x", "origin": [11.1, 5, 4.75]},
			"faces": {
				"north": {"uv": [0, 11, 0.5, 11.5], "texture": "#0"},
				"east": {"uv": [11, 0, 11.5, 0.5], "texture": "#0"},
				"south": {"uv": [0.5, 11, 1, 11.5], "texture": "#0"},
				"west": {"uv": [11, 0.5, 11.5, 1], "texture": "#0"},
				"up": {"uv": [1.5, 11.5, 1, 11], "texture": "#0"},
				"down": {"uv": [11.5, 1, 11, 1.5], "texture": "#0"}
			}
		},
		{
			"from": [9.85, 2, 4.75],
			"to": [10.85, 3, 5.75],
			"rotation": {"angle": 0, "axis": "x", "origin": [12.35, 5, 4.75]},
			"faces": {
				"north": {"uv": [1.5, 11, 2, 11.5], "texture": "#0"},
				"east": {"uv": [11, 1.5, 11.5, 2], "texture": "#0"},
				"south": {"uv": [2, 11, 2.5, 11.5], "texture": "#0"},
				"west": {"uv": [11, 2, 11.5, 2.5], "texture": "#0"},
				"up": {"uv": [3, 11.5, 2.5, 11], "texture": "#0"},
				"down": {"uv": [11.5, 2.5, 11, 3], "texture": "#0"}
			}
		},
		{
			"from": [7.35, 2, 4.75],
			"to": [8.35, 3, 5.75],
			"rotation": {"angle": 0, "axis": "x", "origin": [9.85, 5, 4.75]},
			"faces": {
				"north": {"uv": [3, 11, 3.5, 11.5], "texture": "#0"},
				"east": {"uv": [11, 3, 11.5, 3.5], "texture": "#0"},
				"south": {"uv": [3.5, 11, 4, 11.5], "texture": "#0"},
				"west": {"uv": [11, 3.5, 11.5, 4], "texture": "#0"},
				"up": {"uv": [4.5, 11.5, 4, 11], "texture": "#0"},
				"down": {"uv": [11.5, 4, 11, 4.5], "texture": "#0"}
			}
		},
		{
			"from": [8.6, 5, 5.5],
			"to": [9.6, 6, 7.5],
			"rotation": {"angle": -45, "axis": "x", "origin": [11.1, 3, 6.5]},
			"faces": {
				"north": {"uv": [4.5, 11, 5, 11.5], "texture": "#0"},
				"east": {"uv": [9, 6, 10, 6.5], "texture": "#0"},
				"south": {"uv": [11, 4.5, 11.5, 5], "texture": "#0"},
				"west": {"uv": [8, 9, 9, 9.5], "texture": "#0"},
				"up": {"uv": [9.5, 9.5, 9, 8.5], "texture": "#0"},
				"down": {"uv": [10, 4.5, 9.5, 5.5], "texture": "#0"}
			}
		},
		{
			"from": [9.85, 2, 3.5],
			"to": [10.85, 4, 4.5],
			"rotation": {"angle": 45, "axis": "x", "origin": [12.35, 3, 6.5]},
			"faces": {
				"north": {"uv": [6, 9.5, 6.5, 10.5], "texture": "#0"},
				"east": {"uv": [6.5, 9.5, 7, 10.5], "texture": "#0"},
				"south": {"uv": [9.5, 7, 10, 8], "texture": "#0"},
				"west": {"uv": [8, 9.5, 8.5, 10.5], "texture": "#0"},
				"up": {"uv": [5.5, 11.5, 5, 11], "texture": "#0"},
				"down": {"uv": [11.5, 5, 11, 5.5], "texture": "#0"}
			}
		},
		{
			"from": [6.1, 5, 5.5],
			"to": [7.1, 6, 8],
			"rotation": {"angle": 0, "axis": "z", "origin": [8.6, 3, 6.5]},
			"faces": {
				"north": {"uv": [5.5, 11, 6, 11.5], "texture": "#0"},
				"east": {"uv": [8, 7, 9.25, 7.5], "texture": "#0"},
				"south": {"uv": [11, 5.5, 11.5, 6], "texture": "#0"},
				"west": {"uv": [8, 7.5, 9.25, 8], "texture": "#0"},
				"up": {"uv": [3, 7.25, 2.5, 6], "texture": "#0"},
				"down": {"uv": [0.5, 8.5, 0, 9.75], "texture": "#0"}
			}
		},
		{
			"from": [7.35, 5, 5.5],
			"to": [8.35, 6, 8],
			"rotation": {"angle": 0, "axis": "x", "origin": [9.85, 3, 6.5]},
			"faces": {
				"north": {"uv": [6, 11, 6.5, 11.5], "texture": "#0"},
				"east": {"uv": [0.5, 8.5, 1.75, 9], "texture": "#0"},
				"south": {"uv": [11, 6, 11.5, 6.5], "texture": "#0"},
				"west": {"uv": [8.5, 0.5, 9.75, 1], "texture": "#0"},
				"up": {"uv": [9, 2.25, 8.5, 1], "texture": "#0"},
				"down": {"uv": [2.5, 8.5, 2, 9.75], "texture": "#0"}
			}
		},
		{
			"from": [8.6, 5, 5.5],
			"to": [9.6, 6, 8],
			"rotation": {"angle": 0, "axis": "x", "origin": [11.1, 3, 6.5]},
			"faces": {
				"north": {"uv": [6.5, 11, 7, 11.5], "texture": "#0"},
				"east": {"uv": [8.5, 2.5, 9.75, 3], "texture": "#0"},
				"south": {"uv": [11, 6.5, 11.5, 7], "texture": "#0"},
				"west": {"uv": [8.5, 3, 9.75, 3.5], "texture": "#0"},
				"up": {"uv": [9, 4.75, 8.5, 3.5], "texture": "#0"},
				"down": {"uv": [9, 5, 8.5, 6.25], "texture": "#0"}
			}
		},
		{
			"from": [9.85, 5, 5.5],
			"to": [10.85, 6, 8],
			"rotation": {"angle": 0, "axis": "x", "origin": [12.35, 3, 6.5]},
			"faces": {
				"north": {"uv": [7, 11, 7.5, 11.5], "texture": "#0"},
				"east": {"uv": [6, 8.5, 7.25, 9], "texture": "#0"},
				"south": {"uv": [11, 7, 11.5, 7.5], "texture": "#0"},
				"west": {"uv": [7.5, 8.5, 8.75, 9], "texture": "#0"},
				"up": {"uv": [1, 10.25, 0.5, 9], "texture": "#0"},
				"down": {"uv": [1.5, 9, 1, 10.25], "texture": "#0"}
			}
		},
		{
			"from": [6.1, 3, 3.5],
			"to": [7.1, 5, 4.5],
			"rotation": {"angle": -22.5, "axis": "x", "origin": [8.6, 4, 6.5]},
			"faces": {
				"north": {"uv": [9.5, 8, 10, 9], "texture": "#0"},
				"east": {"uv": [8.5, 9.5, 9, 10.5], "texture": "#0"},
				"south": {"uv": [9, 9.5, 9.5, 10.5], "texture": "#0"},
				"west": {"uv": [9.5, 9, 10, 10], "texture": "#0"},
				"up": {"uv": [8, 11.5, 7.5, 11], "texture": "#0"},
				"down": {"uv": [11.5, 7.5, 11, 8], "texture": "#0"}
			}
		},
		{
			"from": [7.35, 3, 3.5],
			"to": [8.35, 5, 4.5],
			"rotation": {"angle": -22.5, "axis": "x", "origin": [9.85, 4, 6.5]},
			"faces": {
				"north": {"uv": [0, 10, 0.5, 11], "texture": "#0"},
				"east": {"uv": [10, 0.5, 10.5, 1.5], "texture": "#0"},
				"south": {"uv": [1.5, 10, 2, 11], "texture": "#0"},
				"west": {"uv": [10, 1.5, 10.5, 2.5], "texture": "#0"},
				"up": {"uv": [8.5, 11.5, 8, 11], "texture": "#0"},
				"down": {"uv": [11.5, 8, 11, 8.5], "texture": "#0"}
			}
		},
		{
			"from": [8.6, 3, 3.5],
			"to": [9.6, 5, 4.5],
			"rotation": {"angle": -22.5, "axis": "x", "origin": [11.1, 4, 6.5]},
			"faces": {
				"north": {"uv": [2, 10, 2.5, 11], "texture": "#0"},
				"east": {"uv": [2.5, 10, 3, 11], "texture": "#0"},
				"south": {"uv": [10, 2.5, 10.5, 3.5], "texture": "#0"},
				"west": {"uv": [3, 10, 3.5, 11], "texture": "#0"},
				"up": {"uv": [9, 11.5, 8.5, 11], "texture": "#0"},
				"down": {"uv": [11.5, 8.5, 11, 9], "texture": "#0"}
			}
		},
		{
			"from": [9.85, 3, 3.5],
			"to": [10.85, 5, 4.5],
			"rotation": {"angle": -22.5, "axis": "x", "origin": [12.35, 4, 6.5]},
			"faces": {
				"north": {"uv": [3.5, 10, 4, 11], "texture": "#0"},
				"east": {"uv": [10, 3.5, 10.5, 4.5], "texture": "#0"},
				"south": {"uv": [4, 10, 4.5, 11], "texture": "#0"},
				"west": {"uv": [4.5, 10, 5, 11], "texture": "#0"},
				"up": {"uv": [9.5, 11.5, 9, 11], "texture": "#0"},
				"down": {"uv": [11.5, 9, 11, 9.5], "texture": "#0"}
			}
		},
		{
			"from": [6.35, 5.25, 7.75],
			"to": [6.85, 5.75, 8.25],
			"rotation": {"angle": 0, "axis": "y", "origin": [6.1, 5, 7.5]},
			"faces": {
				"north": {"uv": [13, 9.5, 13.25, 9.75], "texture": "#0"},
				"east": {"uv": [10, 13, 10.25, 13.25], "texture": "#0"},
				"south": {"uv": [13, 10, 13.25, 10.25], "texture": "#0"},
				"west": {"uv": [10.5, 13, 10.75, 13.25], "texture": "#0"},
				"up": {"uv": [13.25, 10.75, 13, 10.5], "texture": "#0"},
				"down": {"uv": [11.25, 13, 11, 13.25], "texture": "#0"}
			}
		},
		{
			"from": [5.35, 4, 9],
			"to": [5.85, 4.5, 10.25],
			"rotation": {"angle": 45, "axis": "y", "origin": [5.1, 3.75, 9.5]},
			"faces": {
				"north": {"uv": [13, 11, 13.25, 11.25], "texture": "#0"},
				"east": {"uv": [11.5, 0, 12.125, 0.25], "texture": "#0"},
				"south": {"uv": [11.5, 13, 11.75, 13.25], "texture": "#0"},
				"west": {"uv": [0.5, 11.5, 1.125, 11.75], "texture": "#0"},
				"up": {"uv": [11.75, 1.125, 11.5, 0.5], "texture": "#0"},
				"down": {"uv": [1.75, 11.5, 1.5, 12.125], "texture": "#0"}
			}
		},
		{
			"from": [10.1, 5.25, 5.25],
			"to": [10.6, 5.75, 6],
			"rotation": {"angle": -22.5, "axis": "x", "origin": [9.85, 5, 5.25]},
			"faces": {
				"north": {"uv": [13, 11.5, 13.25, 11.75], "texture": "#0"},
				"east": {"uv": [11.5, 8.5, 11.875, 8.75], "texture": "#0"},
				"south": {"uv": [13, 12, 13.25, 12.25], "texture": "#0"},
				"west": {"uv": [11.5, 9, 11.875, 9.25], "texture": "#0"},
				"up": {"uv": [9.75, 11.875, 9.5, 11.5], "texture": "#0"},
				"down": {"uv": [11.75, 9.5, 11.5, 9.875], "texture": "#0"}
			}
		},
		{
			"from": [8.85, 5.25, 5.25],
			"to": [9.35, 5.75, 6],
			"rotation": {"angle": -22.5, "axis": "x", "origin": [8.6, 5, 5.25]},
			"faces": {
				"north": {"uv": [12.5, 13, 12.75, 13.25], "texture": "#0"},
				"east": {"uv": [10, 11.5, 10.375, 11.75], "texture": "#0"},
				"south": {"uv": [13, 12.5, 13.25, 12.75], "texture": "#0"},
				"west": {"uv": [11.5, 10, 11.875, 10.25], "texture": "#0"},
				"up": {"uv": [10.75, 11.875, 10.5, 11.5], "texture": "#0"},
				"down": {"uv": [11.75, 10.5, 11.5, 10.875], "texture": "#0"}
			}
		},
		{
			"from": [7.6, 5.25, 5.25],
			"to": [8.1, 5.75, 6],
			"rotation": {"angle": -22.5, "axis": "x", "origin": [7.35, 5, 5.25]},
			"faces": {
				"north": {"uv": [13, 13, 13.25, 13.25], "texture": "#0"},
				"east": {"uv": [11, 11.5, 11.375, 11.75], "texture": "#0"},
				"south": {"uv": [0, 13.5, 0.25, 13.75], "texture": "#0"},
				"west": {"uv": [11.5, 11, 11.875, 11.25], "texture": "#0"},
				"up": {"uv": [11.75, 11.875, 11.5, 11.5], "texture": "#0"},
				"down": {"uv": [0.25, 12, 0, 12.375], "texture": "#0"}
			}
		},
		{
			"from": [6.35, 5.25, 5.25],
			"to": [6.85, 5.75, 6],
			"rotation": {"angle": -22.5, "axis": "x", "origin": [6.1, 5, 5.25]},
			"faces": {
				"north": {"uv": [0.5, 13.5, 0.75, 13.75], "texture": "#0"},
				"east": {"uv": [0.5, 12, 0.875, 12.25], "texture": "#0"},
				"south": {"uv": [13.5, 0.5, 13.75, 0.75], "texture": "#0"},
				"west": {"uv": [12, 0.5, 12.375, 0.75], "texture": "#0"},
				"up": {"uv": [1.25, 12.375, 1, 12], "texture": "#0"},
				"down": {"uv": [12.25, 1, 12, 1.375], "texture": "#0"}
			}
		},
		{
			"from": [7.6, 3.5, 3.5],
			"to": [8.1, 4.25, 4],
			"rotation": {"angle": 22.5, "axis": "x", "origin": [7.35, 3.5, 4.25]},
			"faces": {
				"north": {"uv": [12, 1.5, 12.25, 1.875], "texture": "#0"},
				"east": {"uv": [12, 2, 12.25, 2.375], "texture": "#0"},
				"south": {"uv": [2.5, 12, 2.75, 12.375], "texture": "#0"},
				"west": {"uv": [3, 12, 3.25, 12.375], "texture": "#0"},
				"up": {"uv": [1.25, 13.75, 1, 13.5], "texture": "#0"},
				"down": {"uv": [13.75, 1, 13.5, 1.25], "texture": "#0"}
			}
		},
		{
			"from": [8.85, 3.5, 3.5],
			"to": [9.35, 4.25, 4],
			"rotation": {"angle": 22.5, "axis": "x", "origin": [8.6, 3.5, 4.25]},
			"faces": {
				"north": {"uv": [12, 3, 12.25, 3.375], "texture": "#0"},
				"east": {"uv": [12, 3.5, 12.25, 3.875], "texture": "#0"},
				"south": {"uv": [12, 4, 12.25, 4.375], "texture": "#0"},
				"west": {"uv": [12, 4.5, 12.25, 4.875], "texture": "#0"},
				"up": {"uv": [1.75, 13.75, 1.5, 13.5], "texture": "#0"},
				"down": {"uv": [13.75, 2, 13.5, 2.25], "texture": "#0"}
			}
		},
		{
			"from": [10.1, 3.5, 3.5],
			"to": [10.6, 4.25, 4],
			"rotation": {"angle": 22.5, "axis": "x", "origin": [9.85, 3.5, 4.25]},
			"faces": {
				"north": {"uv": [5.5, 12, 5.75, 12.375], "texture": "#0"},
				"east": {"uv": [12, 5.5, 12.25, 5.875], "texture": "#0"},
				"south": {"uv": [6, 12, 6.25, 12.375], "texture": "#0"},
				"west": {"uv": [12, 6, 12.25, 6.375], "texture": "#0"},
				"up": {"uv": [3.25, 13.75, 3, 13.5], "texture": "#0"},
				"down": {"uv": [13.75, 3.5, 13.5, 3.75], "texture": "#0"}
			}
		},
		{
			"from": [6.35, 3.5, 3.5],
			"to": [6.85, 4.25, 4],
			"rotation": {"angle": 22.5, "axis": "x", "origin": [6.1, 3.5, 4.25]},
			"faces": {
				"north": {"uv": [7, 12, 7.25, 12.375], "texture": "#0"},
				"east": {"uv": [12, 7, 12.25, 7.375], "texture": "#0"},
				"south": {"uv": [7.5, 12, 7.75, 12.375], "texture": "#0"},
				"west": {"uv": [12, 7.5, 12.25, 7.875], "texture": "#0"},
				"up": {"uv": [4.75, 13.75, 4.5, 13.5], "texture": "#0"},
				"down": {"uv": [5.25, 13.5, 5, 13.75], "texture": "#0"}
			}
		},
		{
			"from": [7.6, 5.25, 7.75],
			"to": [8.1, 5.75, 8.25],
			"rotation": {"angle": 0, "axis": "y", "origin": [7.35, 5, 7.5]},
			"faces": {
				"north": {"uv": [13.5, 5, 13.75, 5.25], "texture": "#0"},
				"east": {"uv": [5.5, 13.5, 5.75, 13.75], "texture": "#0"},
				"south": {"uv": [13.5, 5.5, 13.75, 5.75], "texture": "#0"},
				"west": {"uv": [6, 13.5, 6.25, 13.75], "texture": "#0"},
				"up": {"uv": [13.75, 6.25, 13.5, 6], "texture": "#0"},
				"down": {"uv": [6.75, 13.5, 6.5, 13.75], "texture": "#0"}
			}
		},
		{
			"from": [8.85, 5.25, 7.75],
			"to": [9.35, 5.75, 8.25],
			"rotation": {"angle": 0, "axis": "y", "origin": [8.6, 5, 7.5]},
			"faces": {
				"north": {"uv": [13.5, 6.5, 13.75, 6.75], "texture": "#0"},
				"east": {"uv": [7, 13.5, 7.25, 13.75], "texture": "#0"},
				"south": {"uv": [7.5, 13.5, 7.75, 13.75], "texture": "#0"},
				"west": {"uv": [8, 13.5, 8.25, 13.75], "texture": "#0"},
				"up": {"uv": [13.75, 8.25, 13.5, 8], "texture": "#0"},
				"down": {"uv": [8.75, 13.5, 8.5, 13.75], "texture": "#0"}
			}
		},
		{
			"from": [10.1, 5.25, 7.75],
			"to": [10.6, 5.75, 8.25],
			"rotation": {"angle": 0, "axis": "y", "origin": [9.85, 5, 7.5]},
			"faces": {
				"north": {"uv": [9, 13.5, 9.25, 13.75], "texture": "#0"},
				"east": {"uv": [9.5, 13.5, 9.75, 13.75], "texture": "#0"},
				"south": {"uv": [13.5, 9.5, 13.75, 9.75], "texture": "#0"},
				"west": {"uv": [10, 13.5, 10.25, 13.75], "texture": "#0"},
				"up": {"uv": [13.75, 10.25, 13.5, 10], "texture": "#0"},
				"down": {"uv": [10.75, 13.5, 10.5, 13.75], "texture": "#0"}
			}
		},
		{
			"from": [6, 0, 6],
			"to": [11, 5, 11],
			"rotation": {"angle": 0, "axis": "y", "origin": [6, 0, 5]},
			"faces": {
				"north": {"uv": [3, 0, 5.5, 2.5], "texture": "#0"},
				"east": {"uv": [3, 2.5, 5.5, 5], "texture": "#0"},
				"south": {"uv": [3, 5, 5.5, 7.5], "texture": "#0"},
				"west": {"uv": [5.5, 0, 8, 2.5], "texture": "#0"},
				"up": {"uv": [8, 5, 5.5, 2.5], "texture": "#0"},
				"down": {"uv": [8, 5, 5.5, 7.5], "texture": "#0"}
			}
		},
		{
			"from": [6, 0, 11],
			"to": [11, 5, 12],
			"rotation": {"angle": 0, "axis": "y", "origin": [6, 0, 11]},
			"faces": {
				"north": {"uv": [0, 6, 2.5, 8.5], "texture": "#0"},
				"east": {"uv": [5, 8, 5.5, 10.5], "texture": "#0"},
				"south": {"uv": [2.5, 7.5, 5, 10], "texture": "#0"},
				"west": {"uv": [5.5, 8, 6, 10.5], "texture": "#0"},
				"up": {"uv": [8.5, 8.5, 6, 8], "texture": "#0"},
				"down": {"uv": [10.5, 6.5, 8, 7], "texture": "#0"}
			}
		},
		{
			"from": [5.5, 0, 12],
			"to": [11.5, 5.25, 13],
			"rotation": {"angle": 0, "axis": "y", "origin": [6, 0, 11]},
			"faces": {
				"north": {"uv": [0, 0, 3, 2.625], "texture": "#0"},
				"east": {"uv": [8, 0.5, 8.5, 3.125], "texture": "#0"},
				"south": {"uv": [0, 3, 3, 5.625], "texture": "#0"},
				"west": {"uv": [8, 3.5, 8.5, 6.125], "texture": "#0"},
				"up": {"uv": [8, 8, 5, 7.5], "texture": "#0"},
				"down": {"uv": [11, 0, 8, 0.5], "texture": "#0"}
			}
		},
		{
			"from": [4.75, 3.75, 7],
			"to": [5.75, 4.75, 9],
			"rotation": {"angle": 0, "axis": "y", "origin": [4.75, 3.75, 7]},
			"faces": {
				"north": {"uv": [9.5, 11, 10, 11.5], "texture": "#0"},
				"east": {"uv": [10, 4.5, 11, 5], "texture": "#0"},
				"south": {"uv": [11, 9.5, 11.5, 10], "texture": "#0"},
				"west": {"uv": [10, 5, 11, 5.5], "texture": "#0"},
				"up": {"uv": [10.5, 6.5, 10, 5.5], "texture": "#0"},
				"down": {"uv": [7.5, 10, 7, 11], "texture": "#0"}
			}
		},
		{
			"from": [5.25, 3.75, 6],
			"to": [6.25, 4.75, 7],
			"rotation": {"angle": -22.5, "axis": "y", "origin": [5.25, 3.75, 6]},
			"faces": {
				"north": {"uv": [10, 11, 10.5, 11.5], "texture": "#0"},
				"east": {"uv": [11, 10, 11.5, 10.5], "texture": "#0"},
				"south": {"uv": [10.5, 11, 11, 11.5], "texture": "#0"},
				"west": {"uv": [11, 10.5, 11.5, 11], "texture": "#0"},
				"up": {"uv": [11.5, 11.5, 11, 11], "texture": "#0"},
				"down": {"uv": [0.5, 11.5, 0, 12], "texture": "#0"}
			}
		},
		{
			"from": [6.3, 6, 6],
			"to": [6.9, 6.15, 6.1],
			"rotation": {"angle": 0, "axis": "y", "origin": [6.6, 6.075, 6.75]},
			"faces": {
				"north": {"uv": [13.5, 10.5, 13.75, 10.625], "texture": "#0"},
				"east": {"uv": [9.5, 14, 9.625, 14.125], "texture": "#0"},
				"south": {"uv": [11, 13.5, 11.25, 13.625], "texture": "#0"},
				"west": {"uv": [14, 9.5, 14.125, 9.625], "texture": "#0"},
				"up": {"uv": [13.75, 11.125, 13.5, 11], "texture": "#0"},
				"down": {"uv": [11.75, 13.5, 11.5, 13.625], "texture": "#0"}
			}
		},
		{
			"from": [6.3, 6, 7.4],
			"to": [6.9, 6.15, 7.5],
			"rotation": {"angle": 0, "axis": "y", "origin": [6.6, 6.075, 6.75]},
			"faces": {
				"north": {"uv": [13.5, 11.5, 13.75, 11.625], "texture": "#0"},
				"east": {"uv": [10, 14, 10.125, 14.125], "texture": "#0"},
				"south": {"uv": [12, 13.5, 12.25, 13.625], "texture": "#0"},
				"west": {"uv": [14, 10, 14.125, 10.125], "texture": "#0"},
				"up": {"uv": [13.75, 12.125, 13.5, 12], "texture": "#0"},
				"down": {"uv": [12.75, 13.5, 12.5, 13.625], "texture": "#0"}
			}
		},
		{
			"from": [7.9, 5, 9.65],
			"to": [9.2, 5.25, 11.35],
			"rotation": {"angle": 0, "axis": "y", "origin": [8.5, 5.125, 10.55]},
			"faces": {
				"north": {"uv": [13, 3, 13.625, 3.125], "texture": "#0"},
				"east": {"uv": [11.5, 8, 12.375, 8.125], "texture": "#0"},
				"south": {"uv": [13, 4, 13.625, 4.125], "texture": "#0"},
				"west": {"uv": [8.5, 11.5, 9.375, 11.625], "texture": "#0"},
				"up": {"uv": [9.625, 1.875, 9, 1], "texture": "#0"},
				"down": {"uv": [9.625, 3.5, 9, 4.375], "texture": "#0"}
			}
		},
		{
			"from": [7.8, 5, 9.5],
			"to": [9.25, 5.15, 9.6],
			"rotation": {"angle": 0, "axis": "y", "origin": [8.1, 5.075, 10.25]},
			"faces": {
				"north": {"uv": [8.5, 12, 9.25, 12.125], "texture": "#0"},
				"east": {"uv": [10.5, 14, 10.625, 14.125], "texture": "#0"},
				"south": {"uv": [12, 8.5, 12.75, 8.625], "texture": "#0"},
				"west": {"uv": [14, 10.5, 14.125, 10.625], "texture": "#0"},
				"up": {"uv": [12.75, 9.125, 12, 9], "texture": "#0"},
				"down": {"uv": [10.25, 12, 9.5, 12.125], "texture": "#0"}
			}
		},
		{
			"from": [7.8, 5, 11.4],
			"to": [9.25, 5.15, 11.5],
			"rotation": {"angle": 0, "axis": "y", "origin": [8.1, 5.075, 12.15]},
			"faces": {
				"north": {"uv": [12, 9.5, 12.75, 9.625], "texture": "#0"},
				"east": {"uv": [11, 14, 11.125, 14.125], "texture": "#0"},
				"south": {"uv": [12, 10, 12.75, 10.125], "texture": "#0"},
				"west": {"uv": [14, 11, 14.125, 11.125], "texture": "#0"},
				"up": {"uv": [11.25, 12.125, 10.5, 12], "texture": "#0"},
				"down": {"uv": [12.75, 10.5, 12, 10.625], "texture": "#0"}
			}
		},
		{
			"from": [7.75, 5, 9.55],
			"to": [7.85, 5.15, 11.45],
			"rotation": {"angle": 0, "axis": "y", "origin": [8.5, 5.075, 10.75]},
			"faces": {
				"north": {"uv": [11.5, 14, 11.625, 14.125], "texture": "#0"},
				"east": {"uv": [11.5, 5, 12.5, 5.125], "texture": "#0"},
				"south": {"uv": [14, 11.5, 14.125, 11.625], "texture": "#0"},
				"west": {"uv": [5.5, 11.5, 6.5, 11.625], "texture": "#0"},
				"up": {"uv": [11.625, 6.5, 11.5, 5.5], "texture": "#0"},
				"down": {"uv": [6.625, 11.5, 6.5, 12.5], "texture": "#0"}
			}
		},
		{
			"from": [9.2, 5, 9.55],
			"to": [9.3, 5.15, 11.45],
			"rotation": {"angle": 0, "axis": "y", "origin": [10.2, 5.075, 10.75]},
			"faces": {
				"north": {"uv": [12, 14, 12.125, 14.125], "texture": "#0"},
				"east": {"uv": [11.5, 6.5, 12.5, 6.625], "texture": "#0"},
				"south": {"uv": [14, 12, 14.125, 12.125], "texture": "#0"},
				"west": {"uv": [7, 11.5, 8, 11.625], "texture": "#0"},
				"up": {"uv": [11.625, 8, 11.5, 7], "texture": "#0"},
				"down": {"uv": [8.125, 11.5, 8, 12.5], "texture": "#0"}
			}
		},
		{
			"from": [6.25, 6, 6.05],
			"to": [6.35, 6.15, 7.45],
			"rotation": {"angle": 0, "axis": "y", "origin": [7, 6.075, 6.75]},
			"faces": {
				"north": {"uv": [12.5, 14, 12.625, 14.125], "texture": "#0"},
				"east": {"uv": [12, 11, 12.75, 11.125], "texture": "#0"},
				"south": {"uv": [14, 12.5, 14.125, 12.625], "texture": "#0"},
				"west": {"uv": [11.5, 12, 12.25, 12.125], "texture": "#0"},
				"up": {"uv": [0.125, 13.25, 0, 12.5], "texture": "#0"},
				"down": {"uv": [12.625, 0, 12.5, 0.75], "texture": "#0"}
			}
		},
		{
			"from": [6.85, 6, 6.05],
			"to": [6.95, 6.15, 7.45],
			"rotation": {"angle": 0, "axis": "y", "origin": [7.6, 6.075, 6.75]},
			"faces": {
				"north": {"uv": [13, 14, 13.125, 14.125], "texture": "#0"},
				"east": {"uv": [12, 11.5, 12.75, 11.625], "texture": "#0"},
				"south": {"uv": [14, 13, 14.125, 13.125], "texture": "#0"},
				"west": {"uv": [0.5, 12.5, 1.25, 12.625], "texture": "#0"},
				"up": {"uv": [12.625, 1.75, 12.5, 1], "texture": "#0"},
				"down": {"uv": [1.625, 12.5, 1.5, 13.25], "texture": "#0"}
			}
		},
		{
			"from": [6.4, 6, 6.15],
			"to": [6.8, 6.25, 7.35],
			"rotation": {"angle": 0, "axis": "y", "origin": [7.35, 6.075, 6.75]},
			"faces": {
				"north": {"uv": [13.5, 12.5, 13.75, 12.625], "texture": "#0"},
				"east": {"uv": [13, 4.5, 13.625, 4.625], "texture": "#0"},
				"south": {"uv": [13, 13.5, 13.25, 13.625], "texture": "#0"},
				"west": {"uv": [5, 13, 5.625, 13.125], "texture": "#0"},
				"up": {"uv": [11.75, 2.125, 11.5, 1.5], "texture": "#0"},
				"down": {"uv": [2.25, 11.5, 2, 12.125], "texture": "#0"}
			}
		},
		{
			"from": [4.6, 4.05, 7.35],
			"to": [4.85, 4.45, 8.55],
			"rotation": {"angle": 0, "axis": "z", "origin": [4.7, 4.25, 7.95]},
			"faces": {
				"north": {"uv": [13.5, 13, 13.625, 13.25], "texture": "#0"},
				"east": {"uv": [2.5, 11.5, 3.125, 11.75], "texture": "#0"},
				"south": {"uv": [13.5, 13.5, 13.625, 13.75], "texture": "#0"},
				"west": {"uv": [11.5, 2.5, 12.125, 2.75], "texture": "#0"},
				"up": {"uv": [4.125, 13.625, 4, 13], "texture": "#0"},
				"down": {"uv": [13.125, 5.5, 13, 6.125], "texture": "#0"}
			}
		},
		{
			"from": [4.65, 4.5, 7.25],
			"to": [4.8, 4.6, 8.65],
			"rotation": {"angle": 0, "axis": "z", "origin": [4.7, 4.25, 7.95]},
			"faces": {
				"north": {"uv": [13.5, 14, 13.625, 14.125], "texture": "#0"},
				"east": {"uv": [2, 12.5, 2.75, 12.625], "texture": "#0"},
				"south": {"uv": [14, 13.5, 14.125, 13.625], "texture": "#0"},
				"west": {"uv": [12.5, 2, 13.25, 2.125], "texture": "#0"},
				"up": {"uv": [12.625, 3.25, 12.5, 2.5], "texture": "#0"},
				"down": {"uv": [3.125, 12.5, 3, 13.25], "texture": "#0"}
			}
		},
		{
			"from": [4.65, 3.9, 7.25],
			"to": [4.8, 4, 8.65],
			"rotation": {"angle": 0, "axis": "z", "origin": [4.7, 4.25, 7.95]},
			"faces": {
				"north": {"uv": [14, 14, 14.125, 14.125], "texture": "#0"},
				"east": {"uv": [3.5, 12.5, 4.25, 12.625], "texture": "#0"},
				"south": {"uv": [0, 14.5, 0.125, 14.625], "texture": "#0"},
				"west": {"uv": [12.5, 3.5, 13.25, 3.625], "texture": "#0"},
				"up": {"uv": [12.625, 4.75, 12.5, 4], "texture": "#0"},
				"down": {"uv": [4.625, 12.5, 4.5, 13.25], "texture": "#0"}
			}
		},
		{
			"from": [4.65, 3.95, 8.6],
			"to": [4.8, 4.55, 8.7],
			"rotation": {"angle": 0, "axis": "z", "origin": [4.7, 4.25, 7.95]},
			"faces": {
				"north": {"uv": [0, 14, 0.125, 14.25], "texture": "#0"},
				"east": {"uv": [14, 0, 14.125, 0.25], "texture": "#0"},
				"south": {"uv": [0.5, 14, 0.625, 14.25], "texture": "#0"},
				"west": {"uv": [14, 0.5, 14.125, 0.75], "texture": "#0"},
				"up": {"uv": [14.625, 0.125, 14.5, 0], "texture": "#0"},
				"down": {"uv": [0.625, 14.5, 0.5, 14.625], "texture": "#0"}
			}
		},
		{
			"from": [4.65, 3.95, 7.2],
			"to": [4.8, 4.55, 7.3],
			"rotation": {"angle": 0, "axis": "z", "origin": [4.7, 4.25, 7.95]},
			"faces": {
				"north": {"uv": [1, 14, 1.125, 14.25], "texture": "#0"},
				"east": {"uv": [14, 1, 14.125, 1.25], "texture": "#0"},
				"south": {"uv": [1.5, 14, 1.625, 14.25], "texture": "#0"},
				"west": {"uv": [14, 1.5, 14.125, 1.75], "texture": "#0"},
				"up": {"uv": [14.625, 0.625, 14.5, 0.5], "texture": "#0"},
				"down": {"uv": [1.125, 14.5, 1, 14.625], "texture": "#0"}
			}
		},
		{
			"from": [7.65, 6, 6.15],
			"to": [8.05, 6.25, 7.35],
			"rotation": {"angle": 0, "axis": "y", "origin": [8.6, 6.075, 6.75]},
			"faces": {
				"north": {"uv": [2, 14, 2.25, 14.125], "texture": "#0"},
				"east": {"uv": [6.5, 13, 7.125, 13.125], "texture": "#0"},
				"south": {"uv": [14, 2, 14.25, 2.125], "texture": "#0"},
				"west": {"uv": [13, 7, 13.625, 7.125], "texture": "#0"},
				"up": {"uv": [11.75, 3.625, 11.5, 3], "texture": "#0"},
				"down": {"uv": [3.75, 11.5, 3.5, 12.125], "texture": "#0"}
			}
		},
		{
			"from": [8.1, 6, 6.05],
			"to": [8.2, 6.15, 7.45],
			"rotation": {"angle": 0, "axis": "y", "origin": [8.85, 6.075, 6.75]},
			"faces": {
				"north": {"uv": [14.5, 1, 14.625, 1.125], "texture": "#0"},
				"east": {"uv": [5, 12.5, 5.75, 12.625], "texture": "#0"},
				"south": {"uv": [1.5, 14.5, 1.625, 14.625], "texture": "#0"},
				"west": {"uv": [12.5, 5, 13.25, 5.125], "texture": "#0"},
				"up": {"uv": [12.625, 6.25, 12.5, 5.5], "texture": "#0"},
				"down": {"uv": [6.125, 12.5, 6, 13.25], "texture": "#0"}
			}
		},
		{
			"from": [7.5, 6, 6.05],
			"to": [7.6, 6.15, 7.45],
			"rotation": {"angle": 0, "axis": "y", "origin": [8.25, 6.075, 6.75]},
			"faces": {
				"north": {"uv": [14.5, 1.5, 14.625, 1.625], "texture": "#0"},
				"east": {"uv": [6.5, 12.5, 7.25, 12.625], "texture": "#0"},
				"south": {"uv": [2, 14.5, 2.125, 14.625], "texture": "#0"},
				"west": {"uv": [12.5, 6.5, 13.25, 6.625], "texture": "#0"},
				"up": {"uv": [12.625, 7.75, 12.5, 7], "texture": "#0"},
				"down": {"uv": [7.625, 12.5, 7.5, 13.25], "texture": "#0"}
			}
		},
		{
			"from": [7.55, 6, 7.4],
			"to": [8.15, 6.15, 7.5],
			"rotation": {"angle": 0, "axis": "y", "origin": [7.85, 6.075, 6.75]},
			"faces": {
				"north": {"uv": [2.5, 14, 2.75, 14.125], "texture": "#0"},
				"east": {"uv": [14.5, 2, 14.625, 2.125], "texture": "#0"},
				"south": {"uv": [14, 2.5, 14.25, 2.625], "texture": "#0"},
				"west": {"uv": [2.5, 14.5, 2.625, 14.625], "texture": "#0"},
				"up": {"uv": [3.25, 14.125, 3, 14], "texture": "#0"},
				"down": {"uv": [14.25, 3, 14, 3.125], "texture": "#0"}
			}
		},
		{
			"from": [7.55, 6, 6],
			"to": [8.15, 6.15, 6.1],
			"rotation": {"angle": 0, "axis": "y", "origin": [7.85, 6.075, 6.75]},
			"faces": {
				"north": {"uv": [3.5, 14, 3.75, 14.125], "texture": "#0"},
				"east": {"uv": [14.5, 2.5, 14.625, 2.625], "texture": "#0"},
				"south": {"uv": [14, 3.5, 14.25, 3.625], "texture": "#0"},
				"west": {"uv": [3, 14.5, 3.125, 14.625], "texture": "#0"},
				"up": {"uv": [4.25, 14.125, 4, 14], "texture": "#0"},
				"down": {"uv": [14.25, 4, 14, 4.125], "texture": "#0"}
			}
		},
		{
			"from": [8.9, 6, 6.15],
			"to": [9.3, 6.25, 7.35],
			"rotation": {"angle": 0, "axis": "y", "origin": [9.85, 6.075, 6.75]},
			"faces": {
				"north": {"uv": [4.5, 14, 4.75, 14.125], "texture": "#0"},
				"east": {"uv": [13, 7.5, 13.625, 7.625], "texture": "#0"},
				"south": {"uv": [14, 4.5, 14.25, 4.625], "texture": "#0"},
				"west": {"uv": [8, 13, 8.625, 13.125], "texture": "#0"},
				"up": {"uv": [4.25, 12.125, 4, 11.5], "texture": "#0"},
				"down": {"uv": [11.75, 4, 11.5, 4.625], "texture": "#0"}
			}
		},
		{
			"from": [9.35, 6, 6.05],
			"to": [9.45, 6.15, 7.45],
			"rotation": {"angle": 0, "axis": "y", "origin": [10.1, 6.075, 6.75]},
			"faces": {
				"north": {"uv": [14.5, 3, 14.625, 3.125], "texture": "#0"},
				"east": {"uv": [8, 12.5, 8.75, 12.625], "texture": "#0"},
				"south": {"uv": [3.5, 14.5, 3.625, 14.625], "texture": "#0"},
				"west": {"uv": [12.5, 8, 13.25, 8.125], "texture": "#0"},
				"up": {"uv": [9.125, 13.25, 9, 12.5], "texture": "#0"},
				"down": {"uv": [9.625, 12.5, 9.5, 13.25], "texture": "#0"}
			}
		},
		{
			"from": [8.75, 6, 6.05],
			"to": [8.85, 6.15, 7.45],
			"rotation": {"angle": 0, "axis": "y", "origin": [9.5, 6.075, 6.75]},
			"faces": {
				"north": {"uv": [14.5, 3.5, 14.625, 3.625], "texture": "#0"},
				"east": {"uv": [10, 12.5, 10.75, 12.625], "texture": "#0"},
				"south": {"uv": [4, 14.5, 4.125, 14.625], "texture": "#0"},
				"west": {"uv": [11, 12.5, 11.75, 12.625], "texture": "#0"},
				"up": {"uv": [12.125, 13.25, 12, 12.5], "texture": "#0"},
				"down": {"uv": [12.625, 12, 12.5, 12.75], "texture": "#0"}
			}
		},
		{
			"from": [8.8, 6, 7.4],
			"to": [9.4, 6.15, 7.5],
			"rotation": {"angle": 0, "axis": "y", "origin": [9.1, 6.075, 6.75]},
			"faces": {
				"north": {"uv": [5, 14, 5.25, 14.125], "texture": "#0"},
				"east": {"uv": [14.5, 4, 14.625, 4.125], "texture": "#0"},
				"south": {"uv": [14, 5, 14.25, 5.125], "texture": "#0"},
				"west": {"uv": [4.5, 14.5, 4.625, 14.625], "texture": "#0"},
				"up": {"uv": [5.75, 14.125, 5.5, 14], "texture": "#0"},
				"down": {"uv": [14.25, 5.5, 14, 5.625], "texture": "#0"}
			}
		},
		{
			"from": [8.8, 6, 6],
			"to": [9.4, 6.15, 6.1],
			"rotation": {"angle": 0, "axis": "y", "origin": [9.1, 6.075, 6.75]},
			"faces": {
				"north": {"uv": [6, 14, 6.25, 14.125], "texture": "#0"},
				"east": {"uv": [14.5, 4.5, 14.625, 4.625], "texture": "#0"},
				"south": {"uv": [14, 6, 14.25, 6.125], "texture": "#0"},
				"west": {"uv": [5, 14.5, 5.125, 14.625], "texture": "#0"},
				"up": {"uv": [6.75, 14.125, 6.5, 14], "texture": "#0"},
				"down": {"uv": [14.25, 6.5, 14, 6.625], "texture": "#0"}
			}
		},
		{
			"from": [10.15, 6, 6.15],
			"to": [10.55, 6.25, 7.35],
			"rotation": {"angle": 0, "axis": "y", "origin": [11.1, 6.075, 6.75]},
			"faces": {
				"north": {"uv": [7, 14, 7.25, 14.125], "texture": "#0"},
				"east": {"uv": [13, 8.5, 13.625, 8.625], "texture": "#0"},
				"south": {"uv": [14, 7, 14.25, 7.125], "texture": "#0"},
				"west": {"uv": [13, 9, 13.625, 9.125], "texture": "#0"},
				"up": {"uv": [4.75, 12.125, 4.5, 11.5], "texture": "#0"},
				"down": {"uv": [5.25, 11.5, 5, 12.125], "texture": "#0"}
			}
		},
		{
			"from": [10.6, 6, 6.05],
			"to": [10.7, 6.15, 7.45],
			"rotation": {"angle": 0, "axis": "y", "origin": [11.35, 6.075, 6.75]},
			"faces": {
				"north": {"uv": [14.5, 5, 14.625, 5.125], "texture": "#0"},
				"east": {"uv": [13, 0, 13.75, 0.125], "texture": "#0"},
				"south": {"uv": [5.5, 14.5, 5.625, 14.625], "texture": "#0"},
				"west": {"uv": [0.5, 13, 1.25, 13.125], "texture": "#0"},
				"up": {"uv": [13.125, 1.25, 13, 0.5], "texture": "#0"},
				"down": {"uv": [2.125, 13, 2, 13.75], "texture": "#0"}
			}
		},
		{
			"from": [10, 6, 6.05],
			"to": [10.1, 6.15, 7.45],
			"rotation": {"angle": 0, "axis": "y", "origin": [10.75, 6.075, 6.75]},
			"faces": {
				"north": {"uv": [14.5, 5.5, 14.625, 5.625], "texture": "#0"},
				"east": {"uv": [13, 1.5, 13.75, 1.625], "texture": "#0"},
				"south": {"uv": [6, 14.5, 6.125, 14.625], "texture": "#0"},
				"west": {"uv": [13, 2.5, 13.75, 2.625], "texture": "#0"},
				"up": {"uv": [2.625, 13.75, 2.5, 13], "texture": "#0"},
				"down": {"uv": [3.625, 13, 3.5, 13.75], "texture": "#0"}
			}
		},
		{
			"from": [10.05, 6, 7.4],
			"to": [10.65, 6.15, 7.5],
			"rotation": {"angle": 0, "axis": "y", "origin": [10.35, 6.075, 6.75]},
			"faces": {
				"north": {"uv": [7.5, 14, 7.75, 14.125], "texture": "#0"},
				"east": {"uv": [14.5, 6, 14.625, 6.125], "texture": "#0"},
				"south": {"uv": [14, 7.5, 14.25, 7.625], "texture": "#0"},
				"west": {"uv": [6.5, 14.5, 6.625, 14.625], "texture": "#0"},
				"up": {"uv": [8.25, 14.125, 8, 14], "texture": "#0"},
				"down": {"uv": [14.25, 8, 14, 8.125], "texture": "#0"}
			}
		},
		{
			"from": [10.05, 6, 6],
			"to": [10.65, 6.15, 6.1],
			"rotation": {"angle": 0, "axis": "y", "origin": [10.35, 6.075, 6.75]},
			"faces": {
				"north": {"uv": [8.5, 14, 8.75, 14.125], "texture": "#0"},
				"east": {"uv": [14.5, 6.5, 14.625, 6.625], "texture": "#0"},
				"south": {"uv": [14, 8.5, 14.25, 8.625], "texture": "#0"},
				"west": {"uv": [7, 14.5, 7.125, 14.625], "texture": "#0"},
				"up": {"uv": [9.25, 14.125, 9, 14], "texture": "#0"},
				"down": {"uv": [14.25, 9, 14, 9.125], "texture": "#0"}
			}
		}
	],
	"display": {
		"thirdperson_righthand": {
			"translation": [-0.5, 3.5, 1.25]
		},
		"thirdperson_lefthand": {
			"translation": [0.25, 3.5, 0]
		},
		"firstperson_righthand": {
			"rotation": [-10, -8, 20],
			"translation": [0.25, 5.75, -0.25]
		},
		"firstperson_lefthand": {
			"rotation": [-10, -8, 20],
			"translation": [0.25, 5.75, 0]
		},
		"ground": {
			"translation": [0, 5, 0]
		},
		"gui": {
			"rotation": [94.85, 30.98, -1.73],
			"translation": [-0.75, -0.75, 0],
			"scale": [1.5, 1.3, 1.3]
		},
		"head": {
			"translation": [-0.5, 9, -3.75]
		},
		"fixed": {
			"rotation": [83.94, -34.08, 176.72],
			"translation": [0.75, 0.25, -9.5],
			"scale": [2, 2, 2]
		}
	}
}