{
	"credit": "Made with Blockbench",
	"texture_size": [32, 32],
	"textures": {
		"0": "HachaUser",
		"particle": "HachaUser"
	},
	"elements": [
		{
			"from": [6.75, 0.5, 6.75],
			"to": [9.25, 3, 9.25],
			"rotation": {"angle": 0, "axis": "y", "origin": [7, 1, 7]},
			"faces": {
				"north": {"uv": [9, 4, 10.25, 5.25], "texture": "#0"},
				"east": {"uv": [9, 5.5, 10.25, 6.75], "texture": "#0"},
				"south": {"uv": [9, 7, 10.25, 8.25], "texture": "#0"},
				"west": {"uv": [9, 8.5, 10.25, 9.75], "texture": "#0"},
				"up": {"uv": [11.25, 1.25, 10, 0], "texture": "#0"},
				"down": {"uv": [11.25, 1.5, 10, 2.75], "texture": "#0"}
			}
		},
		{
			"from": [6.75, 8, 6.75],
			"to": [9.25, 10.5, 9.25],
			"rotation": {"angle": 0, "axis": "y", "origin": [7, 9, 7]},
			"faces": {
				"north": {"uv": [9, 10, 10.25, 11.25], "texture": "#0"},
				"east": {"uv": [10.5, 3, 11.75, 4.25], "texture": "#0"},
				"south": {"uv": [10.5, 4.5, 11.75, 5.75], "texture": "#0"},
				"west": {"uv": [5, 10.5, 6.25, 11.75], "texture": "#0"},
				"up": {"uv": [11.75, 7.25, 10.5, 6], "texture": "#0"},
				"down": {"uv": [7.75, 10.5, 6.5, 11.75], "texture": "#0"}
			}
		},
		{
			"from": [7, 3, 7],
			"to": [9, 8.6, 9],
			"rotation": {"angle": 0, "axis": "y", "origin": [7, 3, 7]},
			"faces": {
				"north": {"uv": [7, 4.5, 8, 7.25], "texture": "#0"},
				"east": {"uv": [5, 7.5, 6, 10.25], "texture": "#0"},
				"south": {"uv": [6, 7.5, 7, 10.25], "texture": "#0"},
				"west": {"uv": [7, 7.5, 8, 10.25], "texture": "#0"},
				"up": {"uv": [3, 12.5, 2, 11.5], "texture": "#0"},
				"down": {"uv": [12.5, 8.5, 11.5, 9.5], "texture": "#0"}
			}
		},
		{
			"from": [7.2, 9.3, 7.25],
			"to": [8.7, 24, 8.75],
			"rotation": {"angle": 0, "axis": "y", "origin": [7.2, 9.3, 7]},
			"faces": {
				"north": {"uv": [5, 0, 5.75, 7.25], "texture": "#0"},
				"east": {"uv": [6, 0, 6.75, 7.25], "texture": "#0"},
				"south": {"uv": [0, 6.5, 0.75, 13.75], "texture": "#0"},
				"west": {"uv": [1, 6.5, 1.75, 13.75], "texture": "#0"},
				"up": {"uv": [12.25, 11.75, 11.5, 11], "texture": "#0"},
				"down": {"uv": [12.75, 3, 12, 3.75], "texture": "#0"}
			}
		},
		{
			"from": [7, 23, 4],
			"to": [8.9, 26, 10],
			"rotation": {"angle": 0, "axis": "y", "origin": [6.9, 22, 6]},
			"faces": {
				"north": {"uv": [10.5, 7.5, 11.5, 9], "texture": "#0"},
				"east": {"uv": [2, 6.5, 5, 8], "texture": "#0"},
				"south": {"uv": [8, 10.5, 9, 12], "texture": "#0"},
				"west": {"uv": [7, 0, 10, 1.5], "texture": "#0"},
				"up": {"uv": [5, 3, 4, 0], "texture": "#0"},
				"down": {"uv": [8, 1.5, 7, 4.5], "texture": "#0"}
			}
		},
		{
			"from": [7.1, 21.5, 6],
			"to": [8.8, 27.1, 10.5],
			"rotation": {"angle": 0, "axis": "y", "origin": [6.9, 24.5, 5]},
			"faces": {
				"north": {"uv": [4, 8, 4.75, 10.75], "texture": "#0"},
				"east": {"uv": [0, 3.5, 2.25, 6.25], "texture": "#0"},
				"south": {"uv": [8, 5, 8.75, 7.75], "texture": "#0"},
				"west": {"uv": [2.5, 3.5, 4.75, 6.25], "texture": "#0"},
				"up": {"uv": [8.75, 10.25, 8, 8], "texture": "#0"},
				"down": {"uv": [9.75, 1.5, 9, 3.75], "texture": "#0"}
			}
		},
		{
			"from": [7.2, 21, 2],
			"to": [8.7, 27.8, 6],
			"rotation": {"angle": 0, "axis": "x", "origin": [6.9, 23.9, 1]},
			"faces": {
				"north": {"uv": [8, 1.5, 8.75, 5], "texture": "#0"},
				"east": {"uv": [0, 0, 2, 3.5], "texture": "#0"},
				"south": {"uv": [2, 8, 2.75, 11.5], "texture": "#0"},
				"west": {"uv": [2, 0, 4, 3.5], "texture": "#0"},
				"up": {"uv": [11.25, 11, 10.5, 9], "texture": "#0"},
				"down": {"uv": [4.75, 11, 4, 13], "texture": "#0"}
			}
		},
		{
			"from": [7.6, 19.93335, 0.89908],
			"to": [8.1, 28.73335, 1.99908],
			"rotation": {"angle": 0, "axis": "x", "origin": [7.6, 23.93335, 1.44908]},
			"faces": {
				"north": {"uv": [10.5, 11, 10.75, 15.5], "texture": "#0"},
				"east": {"uv": [3, 8, 3.5, 12.5], "texture": "#0"},
				"south": {"uv": [11, 11, 11.25, 15.5], "texture": "#0"},
				"west": {"uv": [3.5, 8, 4, 12.5], "texture": "#0"},
				"up": {"uv": [10.25, 12.5, 10, 12], "texture": "#0"},
				"down": {"uv": [11.75, 12, 11.5, 12.5], "texture": "#0"}
			}
		},
		{
			"from": [7.75, 27.4, 1.5],
			"to": [8, 28.4, 4.5],
			"rotation": {"angle": 22.5, "axis": "x", "origin": [7, 27.4, 2.5]},
			"faces": {
				"north": {"uv": [12, 12, 12.25, 12.5], "texture": "#0"},
				"east": {"uv": [9, 11.5, 10.5, 12], "texture": "#0"},
				"south": {"uv": [2, 12.5, 2.25, 13], "texture": "#0"},
				"west": {"uv": [11.5, 9.5, 13, 10], "texture": "#0"},
				"up": {"uv": [12.25, 7.5, 12, 6], "texture": "#0"},
				"down": {"uv": [7.25, 12, 7, 13.5], "texture": "#0"}
			}
		},
		{
			"from": [7.75, 26.8, 5.6],
			"to": [8, 27.8, 7.6],
			"rotation": {"angle": 22.5, "axis": "x", "origin": [7, 26.8, 5.6]},
			"faces": {
				"north": {"uv": [3.5, 12.5, 3.75, 13], "texture": "#0"},
				"east": {"uv": [4, 3, 5, 3.5], "texture": "#0"},
				"south": {"uv": [6, 12.5, 6.25, 13], "texture": "#0"},
				"west": {"uv": [12, 5, 13, 5.5], "texture": "#0"},
				"up": {"uv": [10.25, 4, 10, 3], "texture": "#0"},
				"down": {"uv": [8.75, 12, 8.5, 13], "texture": "#0"}
			}
		},
		{
			"from": [7.75, 20.7, 1.4],
			"to": [8, 21.7, 4.4],
			"rotation": {"angle": -22.5, "axis": "x", "origin": [7, 21.7, 3.4]},
			"faces": {
				"north": {"uv": [2.5, 12.5, 2.75, 13], "texture": "#0"},
				"east": {"uv": [11.5, 10, 13, 10.5], "texture": "#0"},
				"south": {"uv": [3, 12.5, 3.25, 13], "texture": "#0"},
				"west": {"uv": [11.5, 10.5, 13, 11], "texture": "#0"},
				"up": {"uv": [7.75, 13.5, 7.5, 12], "texture": "#0"},
				"down": {"uv": [8.25, 12, 8, 13.5], "texture": "#0"}
			}
		},
		{
			"from": [7.75, 21.3, 5.5],
			"to": [8, 22.3, 7.5],
			"rotation": {"angle": -22.5, "axis": "x", "origin": [7, 22.3, 6.5]},
			"faces": {
				"north": {"uv": [12.5, 6, 12.75, 6.5], "texture": "#0"},
				"east": {"uv": [12, 5.5, 13, 6], "texture": "#0"},
				"south": {"uv": [6.5, 12.5, 6.75, 13], "texture": "#0"},
				"west": {"uv": [6, 12, 7, 12.5], "texture": "#0"},
				"up": {"uv": [9.25, 13, 9, 12], "texture": "#0"},
				"down": {"uv": [9.75, 12, 9.5, 13], "texture": "#0"}
			}
		},
		{
			"from": [6.6, 24, 7.3],
			"to": [9.3, 25.3, 8.7],
			"rotation": {"angle": 0, "axis": "y", "origin": [6.5, 24, 7.3]},
			"faces": {
				"north": {"uv": [11.5, 0, 13, 0.75], "texture": "#0"},
				"east": {"uv": [12, 4, 12.75, 4.75], "texture": "#0"},
				"south": {"uv": [11.5, 1, 13, 1.75], "texture": "#0"},
				"west": {"uv": [5, 12, 5.75, 12.75], "texture": "#0"},
				"up": {"uv": [13, 2.75, 11.5, 2], "texture": "#0"},
				"down": {"uv": [13, 7.5, 11.5, 8.25], "texture": "#0"}
			}
		}
	],
	"gui_light": "front",
	"display": {
		"thirdperson_righthand": {
			"translation": [0, 0, 1.75],
			"scale": [0.7, 0.7, 0.7]
		},
		"firstperson_righthand": {
			"rotation": [10, 0, 0],
			"translation": [4.75, -1.75, 0],
			"scale": [0.6, 0.6, 0.6]
		},
		"firstperson_lefthand": {
			"rotation": [10, 0, 0],
			"translation": [4.75, -1.75, 0],
			"scale": [0.6, 0.6, 0.6]
		},
		"ground": {
			"translation": [0, 3, 0],
			"scale": [0.8, 0.8, 0.8]
		},
		"gui": {
			"rotation": [87.93, 47.88, -97.58],
			"translation": [-2.5, -4, 0],
			"scale": [0.7, 0.7, 0.7]
		},
		"head": {
			"rotation": [-102.66, 55.08, -70.37],
			"translation": [-1.75, -11, 6]
		},
		"fixed": {
			"rotation": [0, 82.25, 0],
			"translation": [0, -4.75, 0]
		}
	},
	"groups": [
		0,
		1,
		2,
		3,
		{
			"name": "group",
			"origin": [5.2, 8.3, 7],
			"color": 0,
			"children": []
		},
		4,
		5,
		6,
		7,
		8,
		9,
		10,
		11,
		12
	]
}