{
	"credit": "Made with Blockbench",
	"texture_size": [8, 8],
	"textures": {
		"0": "keyamarilla",
		"1": "keyamarilla1",
		"particle": "keyamarilla"
	},
	"elements": [
		{
			"from": [8, 0, 6],
			"to": [10, 4, 7],
			"rotation": {"angle": 0, "axis": "y", "origin": [8, 2, 6]},
			"faces": {
				"north": {"uv": [0, 0, 4, 8], "texture": "#1"},
				"east": {"uv": [0, 8, 2, 16], "texture": "#1"},
				"south": {"uv": [4, 0, 8, 8], "texture": "#1"},
				"west": {"uv": [8, 0, 10, 8], "texture": "#1"},
				"up": {"uv": [6, 10, 2, 8], "texture": "#1"},
				"down": {"uv": [10, 8, 6, 10], "texture": "#1"}
			}
		},
		{
			"from": [10.75, 8.75, 6],
			"to": [11.5, 13.25, 7],
			"rotation": {"angle": 0, "axis": "y", "origin": [8.25, 10.75, 6]},
			"faces": {
				"north": {"uv": [4, 8, 4.75, 12.5], "texture": "#0"},
				"east": {"uv": [3, 4, 4, 8.5], "texture": "#0"},
				"south": {"uv": [8, 4, 8.75, 8.5], "texture": "#0"},
				"west": {"uv": [4, 3, 5, 7.5], "texture": "#0"},
				"up": {"uv": [8.75, 15, 8, 14], "texture": "#0"},
				"down": {"uv": [14.75, 8, 14, 9], "texture": "#0"}
			}
		},
		{
			"from": [7.5, 8.75, 6],
			"to": [8.25, 13.25, 7],
			"rotation": {"angle": 0, "axis": "y", "origin": [5, 10.75, 6]},
			"faces": {
				"north": {"uv": [5, 8, 5.75, 12.5], "texture": "#0"},
				"east": {"uv": [5, 3, 6, 7.5], "texture": "#0"},
				"south": {"uv": [6, 8, 6.75, 12.5], "texture": "#0"},
				"west": {"uv": [6, 3, 7, 7.5], "texture": "#0"},
				"up": {"uv": [9.75, 15, 9, 14], "texture": "#0"},
				"down": {"uv": [14.75, 9, 14, 10], "texture": "#0"}
			}
		},
		{
			"from": [8.25, 8.75, 6],
			"to": [10.75, 9.75, 7],
			"rotation": {"angle": 0, "axis": "y", "origin": [6.25, 10.75, 6]},
			"faces": {
				"north": {"uv": [9, 0, 11.5, 1], "texture": "#0"},
				"east": {"uv": [12, 13, 13, 14], "texture": "#0"},
				"south": {"uv": [9, 1, 11.5, 2], "texture": "#0"},
				"west": {"uv": [13, 13, 14, 14], "texture": "#0"},
				"up": {"uv": [11.5, 3, 9, 2], "texture": "#0"},
				"down": {"uv": [11.5, 3, 9, 4], "texture": "#0"}
			}
		},
		{
			"from": [8.25, 9.75, 6.1],
			"to": [10.75, 12.35, 6.9],
			"rotation": {"angle": 0, "axis": "y", "origin": [6.25, 11.75, 6]},
			"faces": {
				"north": {"uv": [0, 4, 2.5, 6.5], "texture": "#0"},
				"east": {"uv": [3, 9, 3.75, 11.5], "texture": "#0"},
				"south": {"uv": [4, 0, 6.5, 2.5], "texture": "#0"},
				"west": {"uv": [7, 10, 7.75, 12.5], "texture": "#0"},
				"up": {"uv": [10.5, 10.75, 8, 10], "texture": "#0"},
				"down": {"uv": [12.5, 9, 10, 9.75], "texture": "#0"}
			}
		},
		{
			"from": [8.25, 12.25, 6],
			"to": [10.75, 13.25, 7],
			"rotation": {"angle": 0, "axis": "y", "origin": [6.25, 14.25, 6]},
			"faces": {
				"north": {"uv": [9, 4, 11.5, 5], "texture": "#0"},
				"east": {"uv": [14, 0, 15, 1], "texture": "#0"},
				"south": {"uv": [9, 5, 11.5, 6], "texture": "#0"},
				"west": {"uv": [3, 14, 4, 15], "texture": "#0"},
				"up": {"uv": [11.5, 7, 9, 6], "texture": "#0"},
				"down": {"uv": [9.5, 9, 7, 10], "texture": "#0"}
			}
		},
		{
			"from": [9, 4.5, 6],
			"to": [10, 8.2, 7],
			"rotation": {"angle": 0, "axis": "y", "origin": [8, 6.5, 6]},
			"faces": {
				"north": {"uv": [1, 7, 2, 10.75], "texture": "#0"},
				"east": {"uv": [2, 7, 3, 10.75], "texture": "#0"},
				"south": {"uv": [7, 4, 8, 7.75], "texture": "#0"},
				"west": {"uv": [8, 0, 9, 3.75], "texture": "#0"},
				"up": {"uv": [14, 11, 13, 10], "texture": "#0"},
				"down": {"uv": [12, 13, 11, 14], "texture": "#0"}
			}
		},
		{
			"from": [8.85, 4, 5.9],
			"to": [10.1, 4.5, 7.1],
			"rotation": {"angle": 0, "axis": "y", "origin": [8, 5, 6]},
			"faces": {
				"north": {"uv": [10, 14, 11.25, 14.5], "texture": "#0"},
				"east": {"uv": [14, 10, 15.25, 10.5], "texture": "#0"},
				"south": {"uv": [14, 11, 15.25, 11.5], "texture": "#0"},
				"west": {"uv": [12, 14, 13.25, 14.5], "texture": "#0"},
				"up": {"uv": [1.25, 12.25, 0, 11], "texture": "#0"},
				"down": {"uv": [12.25, 7, 11, 8.25], "texture": "#0"}
			}
		},
		{
			"from": [8.85, 8.25, 5.9],
			"to": [10.1, 8.75, 7.1],
			"rotation": {"angle": 0, "axis": "y", "origin": [8, 9.25, 6]},
			"faces": {
				"north": {"uv": [14, 12, 15.25, 12.5], "texture": "#0"},
				"east": {"uv": [14, 13, 15.25, 13.5], "texture": "#0"},
				"south": {"uv": [14, 14, 15.25, 14.5], "texture": "#0"},
				"west": {"uv": [0, 15, 1.25, 15.5], "texture": "#0"},
				"up": {"uv": [9.25, 12.25, 8, 11], "texture": "#0"},
				"down": {"uv": [11.25, 11, 10, 12.25], "texture": "#0"}
			}
		},
		{
			"from": [7.3, 12.25, 5.9],
			"to": [8.25, 13.35, 7.1],
			"rotation": {"angle": 0, "axis": "y", "origin": [6.15, 13.25, 6]},
			"faces": {
				"north": {"uv": [14, 3, 15, 4], "texture": "#0"},
				"east": {"uv": [11, 10, 12.25, 11], "texture": "#0"},
				"south": {"uv": [14, 4, 15, 5], "texture": "#0"},
				"west": {"uv": [12, 0, 13.25, 1], "texture": "#0"},
				"up": {"uv": [3, 12.25, 2, 11], "texture": "#0"},
				"down": {"uv": [13, 1, 12, 2.25], "texture": "#0"}
			}
		},
		{
			"from": [10.75, 12.25, 5.9],
			"to": [11.7, 13.35, 7.1],
			"rotation": {"angle": 0, "axis": "y", "origin": [9.6, 13.25, 6]},
			"faces": {
				"north": {"uv": [5, 14, 6, 15], "texture": "#0"},
				"east": {"uv": [12, 3, 13.25, 4], "texture": "#0"},
				"south": {"uv": [14, 5, 15, 6], "texture": "#0"},
				"west": {"uv": [12, 4, 13.25, 5], "texture": "#0"},
				"up": {"uv": [4, 13.25, 3, 12], "texture": "#0"},
				"down": {"uv": [13, 5, 12, 6.25], "texture": "#0"}
			}
		},
		{
			"from": [7.3, 8.65, 5.9],
			"to": [8.25, 9.75, 7.1],
			"rotation": {"angle": 0, "axis": "y", "origin": [6.15, 9.65, 6]},
			"faces": {
				"north": {"uv": [7, 14, 8, 15], "texture": "#0"},
				"east": {"uv": [13, 1, 14.25, 2], "texture": "#0"},
				"south": {"uv": [14, 7, 15, 8], "texture": "#0"},
				"west": {"uv": [13, 2, 14.25, 3], "texture": "#0"},
				"up": {"uv": [3, 14.25, 2, 13], "texture": "#0"},
				"down": {"uv": [5, 13, 4, 14.25], "texture": "#0"}
			}
		},
		{
			"from": [10.75, 8.65, 5.9],
			"to": [11.7, 9.75, 7.1],
			"rotation": {"angle": 0, "axis": "y", "origin": [9.6, 9.65, 6]},
			"faces": {
				"north": {"uv": [6, 14, 7, 15], "texture": "#0"},
				"east": {"uv": [12, 11, 13.25, 12], "texture": "#0"},
				"south": {"uv": [14, 6, 15, 7], "texture": "#0"},
				"west": {"uv": [12, 12, 13.25, 13], "texture": "#0"},
				"up": {"uv": [1, 14.25, 0, 13], "texture": "#0"},
				"down": {"uv": [2, 13, 1, 14.25], "texture": "#0"}
			}
		},
		{
			"from": [7, 0, 6],
			"to": [8, 1, 7],
			"rotation": {"angle": 0, "axis": "y", "origin": [7, 2, 6]},
			"faces": {
				"north": {"uv": [10, 6, 12, 8], "texture": "#1"},
				"east": {"uv": [8, 10, 10, 12], "texture": "#1"},
				"south": {"uv": [10, 8, 12, 10], "texture": "#1"},
				"west": {"uv": [10, 10, 12, 12], "texture": "#1"},
				"up": {"uv": [14, 2, 12, 0], "texture": "#1"},
				"down": {"uv": [4, 12, 2, 14], "texture": "#1"}
			}
		},
		{
			"from": [7, 2, 6],
			"to": [8, 3, 7],
			"rotation": {"angle": 0, "axis": "y", "origin": [7, 4, 6]},
			"faces": {
				"north": {"uv": [10, 0, 12, 2], "texture": "#1"},
				"east": {"uv": [2, 10, 4, 12], "texture": "#1"},
				"south": {"uv": [10, 2, 12, 4], "texture": "#1"},
				"west": {"uv": [4, 10, 6, 12], "texture": "#1"},
				"up": {"uv": [12, 6, 10, 4], "texture": "#1"},
				"down": {"uv": [8, 10, 6, 12], "texture": "#1"}
			}
		}
	],
	"gui_light": "front",
	"display": {
		"thirdperson_righthand": {
			"rotation": [2.5, 89, -180],
			"translation": [-1.25, 1.75, 0],
			"scale": [0.5, 0.5, 0.5]
		},
		"thirdperson_lefthand": {
			"rotation": [4, -83, 180],
			"translation": [-3, 1.75, 0],
			"scale": [0.5, 0.5, 0.5]
		},
		"firstperson_righthand": {
			"rotation": [116, 82, 56],
			"translation": [4.5, 3, 0],
			"scale": [0.8, 0.8, 0.8]
		},
		"firstperson_lefthand": {
			"rotation": [-180, -67, 10],
			"translation": [2.5, 3.25, 0],
			"scale": [0.8, 0.8, 0.8]
		},
		"ground": {
			"rotation": [15.35, -1.59, -11.75],
			"translation": [0, 7.75, 0]
		},
		"gui": {
			"rotation": [180, 0, -127.75],
			"translation": [1.75, 0, 0],
			"scale": [1.3, 1.3, 1.3]
		},
		"head": {
			"translation": [2.25, -3.25, -5.75]
		},
		"fixed": {
			"translation": [-1.5, 2, 1.75],
			"scale": [1.5, 1.5, 1.5]
		}
	}
}