{
	"credit": "Made with Blockbench",
	"texture_size": [64, 64],
	"textures": {
		"0": "Consumibles/MonsterEnergy",
		"particle": "Consumibles/MonsterEnergy"
	},
	"elements": [
		{
			"from": [6, 0, 6],
			"to": [7, 12, 10],
			"rotation": {"angle": 0, "axis": "y", "origin": [6.5, 6, 7.5]},
			"faces": {
				"north": {"uv": [6, 3, 6.25, 6], "texture": "#0"},
				"east": {"uv": [2.5, 0, 3.5, 3], "texture": "#0"},
				"south": {"uv": [3.5, 6, 3.75, 9], "texture": "#0"},
				"west": {"uv": [0, 3, 1, 6], "texture": "#0"},
				"up": {"uv": [6.5, 5.5, 6.25, 4.5], "texture": "#0"},
				"down": {"uv": [6.75, 4.5, 6.5, 5.5], "texture": "#0"}
			}
		},
		{
			"from": [7, 0, 10],
			"to": [10, 12, 10.25],
			"rotation": {"angle": 0, "axis": "y", "origin": [8.5, 6, 10.75]},
			"faces": {
				"north": {"uv": [3, 3, 3.75, 6], "texture": "#0"},
				"east": {"uv": [6.5, 0, 6.625, 3], "texture": "#0"},
				"south": {"uv": [3.5, 0, 4.25, 3], "texture": "#0"},
				"west": {"uv": [6.75, 0, 6.875, 3], "texture": "#0"},
				"up": {"uv": [7.75, 4.375, 7, 4.25], "texture": "#0"},
				"down": {"uv": [7.75, 4.5, 7, 4.625], "texture": "#0"}
			}
		},
		{
			"from": [11, 0, 6],
			"to": [11.25, 12, 9],
			"rotation": {"angle": 0, "axis": "y", "origin": [10.5, 6, 7.5]},
			"faces": {
				"north": {"uv": [6.75, 4.5, 6.875, 7.5], "texture": "#0"},
				"east": {"uv": [3.75, 3, 4.5, 6], "texture": "#0"},
				"south": {"uv": [5.25, 6.75, 5.375, 9.75], "texture": "#0"},
				"west": {"uv": [4.25, 0, 5, 3], "texture": "#0"},
				"up": {"uv": [3.375, 7.75, 3.25, 7], "texture": "#0"},
				"down": {"uv": [7.125, 4.75, 7, 5.5], "texture": "#0"}
			}
		},
		{
			"from": [5.75, 0, 6],
			"to": [6, 12, 9],
			"rotation": {"angle": 0, "axis": "y", "origin": [6.5, 6, 7.5]},
			"faces": {
				"north": {"uv": [5.5, 6.75, 5.625, 9.75], "texture": "#0"},
				"east": {"uv": [4.5, 3, 5.25, 6], "texture": "#0"},
				"south": {"uv": [5.75, 6.75, 5.875, 9.75], "texture": "#0"},
				"west": {"uv": [5, 0, 5.75, 3], "texture": "#0"},
				"up": {"uv": [7.125, 6.25, 7, 5.5], "texture": "#0"},
				"down": {"uv": [7.125, 6.25, 7, 7], "texture": "#0"}
			}
		},
		{
			"from": [7, 0, 4.75],
			"to": [10, 12, 5],
			"rotation": {"angle": 0, "axis": "y", "origin": [8.5, 6, 5.5]},
			"faces": {
				"north": {"uv": [5.25, 3, 6, 6], "texture": "#0"},
				"east": {"uv": [6, 6.75, 6.125, 9.75], "texture": "#0"},
				"south": {"uv": [5.75, 0, 6.5, 3], "texture": "#0"},
				"west": {"uv": [6.25, 6.75, 6.375, 9.75], "texture": "#0"},
				"up": {"uv": [7.75, 7.125, 7, 7], "texture": "#0"},
				"down": {"uv": [2.25, 7.25, 1.5, 7.375], "texture": "#0"}
			}
		},
		{
			"from": [7, 0, 9],
			"to": [11, 12, 10],
			"rotation": {"angle": 0, "axis": "y", "origin": [10.5, 6, 7.5]},
			"faces": {
				"north": {"uv": [1, 3, 2, 6], "texture": "#0"},
				"east": {"uv": [3.75, 6, 4, 9], "texture": "#0"},
				"south": {"uv": [2, 3, 3, 6], "texture": "#0"},
				"west": {"uv": [4, 6, 4.25, 9], "texture": "#0"},
				"up": {"uv": [8, 0.75, 7, 0.5], "texture": "#0"},
				"down": {"uv": [8, 0.75, 7, 1], "texture": "#0"}
			}
		},
		{
			"from": [10, 0, 6],
			"to": [11, 12, 9],
			"rotation": {"angle": 0, "axis": "y", "origin": [10.5, 6, 7.5]},
			"faces": {
				"north": {"uv": [4.25, 6, 4.5, 9], "texture": "#0"},
				"east": {"uv": [0, 6, 0.75, 9], "texture": "#0"},
				"south": {"uv": [4.5, 6, 4.75, 9], "texture": "#0"},
				"west": {"uv": [0.75, 6, 1.5, 9], "texture": "#0"},
				"up": {"uv": [6.75, 7.5, 6.5, 6.75], "texture": "#0"},
				"down": {"uv": [7.25, 1.75, 7, 2.5], "texture": "#0"}
			}
		},
		{
			"from": [6, 0, 5],
			"to": [11, 12, 6],
			"faces": {
				"north": {"uv": [0, 0, 1.25, 3], "texture": "#0"},
				"east": {"uv": [4.75, 6, 5, 9], "texture": "#0"},
				"south": {"uv": [1.25, 0, 2.5, 3], "texture": "#0"},
				"west": {"uv": [5, 6, 5.25, 9], "texture": "#0"},
				"up": {"uv": [8.25, 0.25, 7, 0], "texture": "#0"},
				"down": {"uv": [8.25, 0.25, 7, 0.5], "texture": "#0"}
			}
		},
		{
			"from": [6.6, 11.5, 5.5],
			"to": [10.4, 12.5, 9.4],
			"rotation": {"angle": 0, "axis": "y", "origin": [-0.1, -1.5, -0.1]},
			"faces": {
				"north": {"uv": [7, 1, 8, 1.25], "texture": "#0"},
				"east": {"uv": [7, 1.25, 8, 1.5], "texture": "#0"},
				"south": {"uv": [1.5, 7, 2.5, 7.25], "texture": "#0"},
				"west": {"uv": [7, 1.5, 8, 1.75], "texture": "#0"},
				"up": {"uv": [2.5, 7, 1.5, 6], "texture": "#0"},
				"down": {"uv": [3.5, 6, 2.5, 7], "texture": "#0"}
			}
		},
		{
			"from": [7, 0, 6],
			"to": [10, 1, 9],
			"rotation": {"angle": 0, "axis": "y", "origin": [0, -13, 0]},
			"faces": {
				"north": {"uv": [2.5, 7, 3.25, 7.25], "texture": "#0"},
				"east": {"uv": [7, 2.5, 7.75, 2.75], "texture": "#0"},
				"south": {"uv": [7, 2.75, 7.75, 3], "texture": "#0"},
				"west": {"uv": [7, 3, 7.75, 3.25], "texture": "#0"},
				"up": {"uv": [6, 6.75, 5.25, 6], "texture": "#0"},
				"down": {"uv": [6.75, 6, 6, 6.75], "texture": "#0"}
			}
		},
		{
			"from": [7, 11.8, 6],
			"to": [10, 12.8, 9],
			"rotation": {"angle": 0, "axis": "y", "origin": [7, 10.8, 6]},
			"faces": {
				"north": {"uv": [7, 3.25, 7.75, 3.5], "texture": "#0"},
				"east": {"uv": [7, 3.5, 7.75, 3.75], "texture": "#0"},
				"south": {"uv": [7, 3.75, 7.75, 4], "texture": "#0"},
				"west": {"uv": [7, 4, 7.75, 4.25], "texture": "#0"},
				"up": {"uv": [7, 3.75, 6.25, 3], "texture": "#0"},
				"down": {"uv": [7, 3.75, 6.25, 4.5], "texture": "#0"}
			}
		},
		{
			"from": [8.15, 11.9, 6.65],
			"to": [8.9, 12.9, 7.65],
			"rotation": {"angle": 0, "axis": "y", "origin": [7.9, 11.9, 5.65]},
			"faces": {
				"north": {"uv": [6.25, 5.5, 6.5, 5.75], "texture": "#0"},
				"east": {"uv": [6.25, 5.75, 6.5, 6], "texture": "#0"},
				"south": {"uv": [6.5, 5.5, 6.75, 5.75], "texture": "#0"},
				"west": {"uv": [6.5, 5.75, 6.75, 6], "texture": "#0"},
				"up": {"uv": [7.5, 2, 7.25, 1.75], "texture": "#0"},
				"down": {"uv": [7.5, 2, 7.25, 2.25], "texture": "#0"}
			}
		}
	],
	"display": {
		"thirdperson_righthand": {
			"translation": [0, -0.5, 0],
			"scale": [0.5, 0.5, 0.5]
		},
		"thirdperson_lefthand": {
			"scale": [0.5, 0.5, 0.5]
		},
		"firstperson_righthand": {
			"rotation": [-3, 10, 0],
			"translation": [1.5, 2.25, 0],
			"scale": [0.8, 0.8, 0.8]
		},
		"firstperson_lefthand": {
			"rotation": [0, -180, 0],
			"translation": [0, 2.25, 0],
			"scale": [0.8, 0.8, 0.8]
		},
		"ground": {
			"translation": [-0.75, 1.5, 0],
			"scale": [0.7, 0.7, 0.7]
		},
		"gui": {
			"rotation": [-175, 87.58, 180],
			"translation": [0.5, 1.5, 0]
		},
		"head": {
			"rotation": [180, 85.5, 180],
			"translation": [0, -10.75, 6.25]
		},
		"fixed": {
			"rotation": [0, -85, 0]
		}
	},
	"groups": [
		{
			"name": "group",
			"origin": [8, 8, 8],
			"color": 0,
			"children": [0, 1, 2, 3, 4, 5, 6, 7, 8, 9, 10, 11]
		}
	]
}