{
	"credit": "Made with Blockbench",
	"textures": {
		"0": "block/texture",
		"particle": "block/texture"
	},
	"elements": [
		{
			"from": [6, 0, 6],
			"to": [11, 1, 10],
			"rotation": {"angle": 0, "axis": "y", "origin": [8.5, 1, 8]},
			"faces": {
				"north": {"uv": [0, 8, 5, 9], "texture": "#0"},
				"east": {"uv": [0, 10, 4, 11], "texture": "#0"},
				"south": {"uv": [5, 8, 10, 9], "texture": "#0"},
				"west": {"uv": [10, 0, 14, 1], "texture": "#0"},
				"up": {"uv": [5, 4, 0, 0], "texture": "#0"},
				"down": {"uv": [5, 4, 0, 8], "texture": "#0"}
			}
		},
		{
			"from": [6, 1, 6],
			"to": [11, 2, 10],
			"rotation": {"angle": 0, "axis": "y", "origin": [8.5, 1, 8]},
			"faces": {
				"north": {"uv": [0, 9, 5, 10], "texture": "#0"},
				"east": {"uv": [10, 1, 14, 2], "texture": "#0"},
				"south": {"uv": [5, 9, 10, 10], "texture": "#0"},
				"west": {"uv": [10, 2, 14, 3], "texture": "#0"},
				"up": {"uv": [10, 4, 5, 0], "texture": "#0"},
				"down": {"uv": [10, 4, 5, 8], "texture": "#0"}
			}
		}
	],
	"display": {
		"thirdperson_righthand": {
			"rotation": [91, 0, 0],
			"translation": [-0.5, 1.5, 7.75]
		},
		"thirdperson_lefthand": {
			"rotation": [91, 0, 0],
			"translation": [0.75, 1.5, 8.25]
		},
		"firstperson_righthand": {
			"translation": [2, 8, 0]
		},
		"firstperson_lefthand": {
			"translation": [2, 8, 0]
		},
		"ground": {
			"translation": [0, 3.75, 0]
		},
		"gui": {
			"rotation": [12, 45, 0],
			"translation": [-0.5, 13.25, 4.75],
			"scale": [2, 2, 2]
		},
		"head": {
			"translation": [0, 14, 0]
		},
		"fixed": {
			"translation": [0, 13.25, 0],
			"scale": [1.83, 2.1, 1]
		}
	}
}