{
	"credit": "Made with Blockbench",
	"texture_size": [64, 64],
	"textures": {
		"0": "BEST",
		"particle": "BEST"
	},
	"elements": [
		{
			"from": [9.5, 28, 5.9],
			"to": [12.5, 31, 9.1],
			"rotation": {"angle": 45, "axis": "z", "origin": [9.5, 28, 6.5]},
			"faces": {
				"north": {"uv": [6, 7.5, 6.75, 8.25], "texture": "#0"},
				"east": {"uv": [6.75, 7.5, 7.5, 8.25], "texture": "#0"},
				"south": {"uv": [7.5, 7.5, 8.25, 8.25], "texture": "#0"},
				"west": {"uv": [7.75, 0, 8.5, 0.75], "texture": "#0"},
				"up": {"uv": [8.5, 1.5, 7.75, 0.75], "texture": "#0"},
				"down": {"uv": [0.75, 8, 0, 8.75], "texture": "#0"}
			}
		},
		{
			"from": [8, -3, 6],
			"to": [11, 30, 9],
			"rotation": {"angle": 0, "axis": "y", "origin": [8, 5, 7]},
			"faces": {
				"north": {"uv": [2.5, 0, 3.25, 8.25], "texture": "#0"},
				"east": {"uv": [3.25, 0, 4, 8.25], "texture": "#0"},
				"south": {"uv": [4, 0, 4.75, 8.25], "texture": "#0"},
				"west": {"uv": [4.75, 0, 5.5, 8.25], "texture": "#0"},
				"up": {"uv": [2.5, 9, 1.75, 8.25], "texture": "#0"},
				"down": {"uv": [3.25, 8.25, 2.5, 9], "texture": "#0"}
			}
		},
		{
			"from": [7, 6, 7],
			"to": [12, 31, 8],
			"rotation": {"angle": 0, "axis": "y", "origin": [9, 6, 7]},
			"faces": {
				"north": {"uv": [0, 0, 1.25, 6], "texture": "#0"},
				"east": {"uv": [5.5, 2.5, 5.75, 8.5], "texture": "#0"},
				"south": {"uv": [1.25, 0, 2.5, 6], "texture": "#0"},
				"west": {"uv": [5.75, 2.5, 6, 8.5], "texture": "#0"},
				"up": {"uv": [9, 1.75, 7.75, 1.5], "texture": "#0"},
				"down": {"uv": [9, 1.75, 7.75, 2], "texture": "#0"}
			}
		},
		{
			"from": [6, 7, 6.2],
			"to": [13, 9, 8.7],
			"rotation": {"angle": 0, "axis": "y", "origin": [11, 7, 8]},
			"faces": {
				"north": {"uv": [6.75, 2, 8.5, 2.5], "texture": "#0"},
				"east": {"uv": [4.5, 8.25, 5, 8.75], "texture": "#0"},
				"south": {"uv": [0, 7, 1.75, 7.5], "texture": "#0"},
				"west": {"uv": [5, 8.25, 5.5, 8.75], "texture": "#0"},
				"up": {"uv": [8.75, 5, 7, 4.5], "texture": "#0"},
				"down": {"uv": [8.75, 5, 7, 5.5], "texture": "#0"}
			}
		},
		{
			"from": [4, 7, 6.5],
			"to": [9, 9, 8.5],
			"rotation": {"angle": 22.5, "axis": "z", "origin": [4, 7, 7]},
			"faces": {
				"north": {"uv": [7, 5.5, 8.25, 6], "texture": "#0"},
				"east": {"uv": [8.25, 6, 8.75, 6.5], "texture": "#0"},
				"south": {"uv": [6, 7, 7.25, 7.5], "texture": "#0"},
				"west": {"uv": [8.25, 6.5, 8.75, 7], "texture": "#0"},
				"up": {"uv": [8.25, 6.5, 7, 6], "texture": "#0"},
				"down": {"uv": [8.25, 6.5, 7, 7], "texture": "#0"}
			}
		},
		{
			"from": [10, 9, 6.5],
			"to": [15, 11, 8.5],
			"rotation": {"angle": -22.5, "axis": "z", "origin": [10, 9, 7]},
			"faces": {
				"north": {"uv": [7.25, 2.5, 8.5, 3], "texture": "#0"},
				"east": {"uv": [7.25, 8.25, 7.75, 8.75], "texture": "#0"},
				"south": {"uv": [7.25, 3, 8.5, 3.5], "texture": "#0"},
				"west": {"uv": [8.25, 7.5, 8.75, 8], "texture": "#0"},
				"up": {"uv": [8.5, 4, 7.25, 3.5], "texture": "#0"},
				"down": {"uv": [8.5, 4, 7.25, 4.5], "texture": "#0"}
			}
		},
		{
			"from": [7, 0, 5.5],
			"to": [12, 1, 9.5],
			"rotation": {"angle": 0, "axis": "y", "origin": [9, -1, 8]},
			"faces": {
				"north": {"uv": [3.25, 8.25, 4.5, 8.5], "texture": "#0"},
				"east": {"uv": [7.75, 8.25, 8.75, 8.5], "texture": "#0"},
				"south": {"uv": [8.25, 5.5, 9.5, 5.75], "texture": "#0"},
				"west": {"uv": [8.25, 8, 9.25, 8.25], "texture": "#0"},
				"up": {"uv": [1.25, 7, 0, 6], "texture": "#0"},
				"down": {"uv": [2.5, 6, 1.25, 7], "texture": "#0"}
			}
		},
		{
			"from": [9.8, -1.5, 5],
			"to": [11.8, 0.5, 10],
			"rotation": {"angle": 45, "axis": "z", "origin": [9, -1.5, 8]},
			"faces": {
				"north": {"uv": [8.5, 0, 9, 0.5], "texture": "#0"},
				"east": {"uv": [7.25, 7, 8.5, 7.5], "texture": "#0"},
				"south": {"uv": [8.5, 0.5, 9, 1], "texture": "#0"},
				"west": {"uv": [0, 7.5, 1.25, 8], "texture": "#0"},
				"up": {"uv": [2.25, 8.25, 1.75, 7], "texture": "#0"},
				"down": {"uv": [1.75, 7.5, 1.25, 8.75], "texture": "#0"}
			}
		},
		{
			"from": [7.8, 7.5, 5],
			"to": [11.8, 11.5, 10],
			"rotation": {"angle": 45, "axis": "z", "origin": [9, 9.5, 8]},
			"faces": {
				"north": {"uv": [6.75, 0, 7.75, 1], "texture": "#0"},
				"east": {"uv": [6, 2.5, 7.25, 3.5], "texture": "#0"},
				"south": {"uv": [6.75, 1, 7.75, 2], "texture": "#0"},
				"west": {"uv": [6, 3.5, 7.25, 4.5], "texture": "#0"},
				"up": {"uv": [7, 5.75, 6, 4.5], "texture": "#0"},
				"down": {"uv": [7, 5.75, 6, 7], "texture": "#0"}
			}
		},
		{
			"from": [8.5, 27, 6.9],
			"to": [13.5, 32, 8.1],
			"rotation": {"angle": 45, "axis": "z", "origin": [9.5, 28, 6.5]},
			"faces": {
				"north": {"uv": [5.5, 0, 6.75, 1.25], "texture": "#0"},
				"east": {"uv": [2.25, 7, 2.5, 8.25], "texture": "#0"},
				"south": {"uv": [5.5, 1.25, 6.75, 2.5], "texture": "#0"},
				"west": {"uv": [0.75, 8, 1, 9.25], "texture": "#0"},
				"up": {"uv": [9.5, 6, 8.25, 5.75], "texture": "#0"},
				"down": {"uv": [7.25, 8.25, 6, 8.5], "texture": "#0"}
			}
		}
	],
	"display": {
		"thirdperson_righthand": {
			"rotation": [-4, -88, -9],
			"translation": [-0.25, 0.5, 1.5],
			"scale": [0.55, 0.62, 0.63]
		},
		"thirdperson_lefthand": {
			"rotation": [1, 88, 9],
			"translation": [0.5, 0.5, 2],
			"scale": [0.55, 0.62, 0.63]
		},
		"firstperson_righthand": {
			"rotation": [-5.75, -75, -6],
			"translation": [4.25, 0.25, -2.25],
			"scale": [0.58, 0.77, 0.46]
		},
		"firstperson_lefthand": {
			"rotation": [179.56, 78.27, 179.41],
			"translation": [4.25, 0.5, -1.25],
			"scale": [0.38, 0.67, 0.33]
		},
		"ground": {
			"translation": [-0.75, 7.75, -1.5],
			"scale": [1.24609, 1.21094, 1]
		},
		"gui": {
			"rotation": [-0.13, -1.25, 45.5],
			"translation": [2.5, -3.5, 0],
			"scale": [0.47656, 0.55664, 1]
		},
		"head": {
			"rotation": [7.43, -3.32, 148.53],
			"translation": [3.75, -9.25, 7.5],
			"scale": [1.12109, 1.20703, 1]
		},
		"fixed": {
			"rotation": [2.86, 3.56, -47.38],
			"translation": [-7.75, -3.5, 0],
			"scale": [1.08203, 1.17188, 1]
		}
	},
	"groups": [
		{
			"name": "group",
			"origin": [9.5, 28, 6.5],
			"color": 0,
			"children": [0, 1, 2, 3, 4, 5, 6, 7, 8, 9]
		}
	]
}