{
  "credit": "Made with Blockbench",
  "texture_size": [
    32,
    32
  ],
  "elements": [
    {
      "from": [
        6,
        0,
        5
      ],
      "to": [
        10,
        6,
        6
      ],
      "rotation": {
        "angle": 0,
        "axis": "y",
        "origin": [
          10,
          3,
          8
        ]
      },
      "faces": {
        "north": {
          "uv": [
            3,
            6,
            5,
            9
          ],
          "texture": "#0"
        },
        "east": {
          "uv": [
            9,
            7,
            9.5,
            10
          ],
          "texture": "#0"
        },
        "south": {
          "uv": [
            6,
            3,
            8,
            6
          ],
          "texture": "#0"
        },
        "west": {
          "uv": [
            8,
            9,
            8.5,
            12
          ],
          "texture": "#0"
        },
        "up": {
          "uv": [
            11,
            2.5,
            9,
            2
          ],
          "texture": "#0"
        },
        "down": {
          "uv": [
            11,
            2.5,
            9,
            3
          ],
          "texture": "#0"
        }
      }
    },
    {
      "from": [
        5,
        0,
        5
      ],
      "to": [
        6,
        6,
        11
      ],
      "rotation": {
        "angle": 0,
        "axis": "y",
        "origin": [
          5.5,
          2.5,
          8
        ]
      },
      "faces": {
        "north": {
          "uv": [
            8.5,
            9,
            9,
            12
          ],
          "texture": "#0"
        },
        "east": {
          "uv": [
            0,
            0,
            3,
            3
          ],
          "texture": "#0"
        },
        "south": {
          "uv": [
            9.5,
            7,
            10,
            10
          ],
          "texture": "#0"
        },
        "west": {
          "uv": [
            0,
            3,
            3,
            6
          ],
          "texture": "#0"
        },
        "up": {
          "uv": [
            10.5,
            10,
            10,
            7
          ],
          "texture": "#0"
        },
        "down": {
          "uv": [
            9.5,
            10,
            9,
            13
          ],
          "texture": "#0"
        }
      }
    },
    {
      "from": [
        10,
        7.5,
        7.5
      ],
      "to": [
        11,
        9.25,
        8.5
      ],
      "rotation": {
        "angle": 0,
        "axis": "y",
        "origin": [
          10.5,
          8.75,
          10.5
        ]
      },
      "faces": {
        "north": {
          "uv": [
            8,
            5,
            8.5,
            6
          ],
          "texture": "#0"
        },
        "east": {
          "uv": [
            8.5,
            5,
            9,
            6
          ],
          "texture": "#0"
        },
        "south": {
          "uv": [
            11,
            7.5,
            11.5,
            8.5
          ],
          "texture": "#0"
        },
        "west": {
          "uv": [
            11,
            8.5,
            11.5,
            9.5
          ],
          "texture": "#0"
        },
        "up": {
          "uv": [
            12.5,
            1,
            12,
            0.5
          ],
          "texture": "#0"
        },
        "down": {
          "uv": [
            12.5,
            1,
            12,
            1.5
          ],
          "texture": "#0"
        }
      }
    },
    {
      "from": [
        7.5,
        7.5,
        7.5
      ],
      "to": [
        8.5,
        9.25,
        8.5
      ],
      "rotation": {
        "angle": 0,
        "axis": "y",
        "origin": [
          8,
          8.75,
          10.5
        ]
      },
      "faces": {
        "north": {
          "uv": [
            11,
            9.5,
            11.5,
            10.5
          ],
          "texture": "#0"
        },
        "east": {
          "uv": [
            11,
            10.5,
            11.5,
            11.5
          ],
          "texture": "#0"
        },
        "south": {
          "uv": [
            1,
            11.5,
            1.5,
            12.5
          ],
          "texture": "#0"
        },
        "west": {
          "uv": [
            1.5,
            11.5,
            2,
            12.5
          ],
          "texture": "#0"
        },
        "up": {
          "uv": [
            12.5,
            2,
            12,
            1.5
          ],
          "texture": "#0"
        },
        "down": {
          "uv": [
            4.5,
            12,
            4,
            12.5
          ],
          "texture": "#0"
        }
      }
    },
    {
      "from": [
        5,
        7.5,
        7.5
      ],
      "to": [
        6,
        9.25,
        8.5
      ],
      "rotation": {
        "angle": 0,
        "axis": "y",
        "origin": [
          5.5,
          8.75,
          10.5
        ]
      },
      "faces": {
        "north": {
          "uv": [
            2,
            11.5,
            2.5,
            12.5
          ],
          "texture": "#0"
        },
        "east": {
          "uv": [
            2.5,
            11.5,
            3,
            12.5
          ],
          "texture": "#0"
        },
        "south": {
          "uv": [
            3,
            11.5,
            3.5,
            12.5
          ],
          "texture": "#0"
        },
        "west": {
          "uv": [
            3.5,
            11.5,
            4,
            12.5
          ],
          "texture": "#0"
        },
        "up": {
          "uv": [
            5,
            12.5,
            4.5,
            12
          ],
          "texture": "#0"
        },
        "down": {
          "uv": [
            5.5,
            12,
            5,
            12.5
          ],
          "texture": "#0"
        }
      }
    },
    {
      "from": [
        6,
        8.5,
        7.5
      ],
      "to": [
        7.5,
        9.5,
        8.5
      ],
      "rotation": {
        "angle": 0,
        "axis": "z",
        "origin": [
          6.25,
          9,
          8
        ]
      },
      "faces": {
        "north": {
          "uv": [
            11.5,
            8.5,
            12.25,
            9
          ],
          "texture": "#0"
        },
        "east": {
          "uv": [
            5.5,
            12,
            6,
            12.5
          ],
          "texture": "#0"
        },
        "south": {
          "uv": [
            11.5,
            9,
            12.25,
            9.5
          ],
          "texture": "#0"
        },
        "west": {
          "uv": [
            6,
            12,
            6.5,
            12.5
          ],
          "texture": "#0"
        },
        "up": {
          "uv": [
            12.25,
            10,
            11.5,
            9.5
          ],
          "texture": "#0"
        },
        "down": {
          "uv": [
            12.25,
            10,
            11.5,
            10.5
          ],
          "texture": "#0"
        }
      }
    },
    {
      "from": [
        8.5,
        8.5,
        7.5
      ],
      "to": [
        10,
        9.5,
        8.5
      ],
      "rotation": {
        "angle": 0,
        "axis": "y",
        "origin": [
          8.75,
          9,
          8
        ]
      },
      "faces": {
        "north": {
          "uv": [
            11.5,
            10.5,
            12.25,
            11
          ],
          "texture": "#0"
        },
        "east": {
          "uv": [
            6.5,
            12,
            7,
            12.5
          ],
          "texture": "#0"
        },
        "south": {
          "uv": [
            11,
            11.5,
            11.75,
            12
          ],
          "texture": "#0"
        },
        "west": {
          "uv": [
            7,
            12,
            7.5,
            12.5
          ],
          "texture": "#0"
        },
        "up": {
          "uv": [
            12.25,
            11.5,
            11.5,
            11
          ],
          "texture": "#0"
        },
        "down": {
          "uv": [
            12.75,
            0,
            12,
            0.5
          ],
          "texture": "#0"
        }
      }
    },
    {
      "from": [
        10,
        0,
        5
      ],
      "to": [
        11,
        6,
        11
      ],
      "rotation": {
        "angle": 0,
        "axis": "y",
        "origin": [
          10.5,
          2.5,
          8
        ]
      },
      "faces": {
        "north": {
          "uv": [
            9.5,
            10,
            10,
            13
          ],
          "texture": "#0"
        },
        "east": {
          "uv": [
            3,
            0,
            6,
            3
          ],
          "texture": "#0"
        },
        "south": {
          "uv": [
            10,
            10,
            10.5,
            13
          ],
          "texture": "#0"
        },
        "west": {
          "uv": [
            3,
            3,
            6,
            6
          ],
          "texture": "#0"
        },
        "up": {
          "uv": [
            11,
            10,
            10.5,
            7
          ],
          "texture": "#0"
        },
        "down": {
          "uv": [
            11,
            10,
            10.5,
            13
          ],
          "texture": "#0"
        }
      }
    },
    {
      "from": [
        6,
        0,
        10
      ],
      "to": [
        10,
        6,
        11
      ],
      "rotation": {
        "angle": 0,
        "axis": "y",
        "origin": [
          9.5,
          2.5,
          10.5
        ]
      },
      "faces": {
        "north": {
          "uv": [
            5,
            6,
            7,
            9
          ],
          "texture": "#0"
        },
        "east": {
          "uv": [
            0,
            11,
            0.5,
            14
          ],
          "texture": "#0"
        },
        "south": {
          "uv": [
            7,
            6,
            9,
            9
          ],
          "texture": "#0"
        },
        "west": {
          "uv": [
            0.5,
            11,
            1,
            14
          ],
          "texture": "#0"
        },
        "up": {
          "uv": [
            3,
            11.5,
            1,
            11
          ],
          "texture": "#0"
        },
        "down": {
          "uv": [
            13,
            2,
            11,
            2.5
          ],
          "texture": "#0"
        }
      }
    },
    {
      "from": [
        6,
        0,
        6
      ],
      "to": [
        10,
        1,
        10
      ],
      "rotation": {
        "angle": 0,
        "axis": "y",
        "origin": [
          8,
          0,
          7
        ]
      },
      "faces": {
        "north": {
          "uv": [
            11,
            2.5,
            13,
            3
          ],
          "texture": "#0"
        },
        "east": {
          "uv": [
            3,
            11,
            5,
            11.5
          ],
          "texture": "#0"
        },
        "south": {
          "uv": [
            11,
            3,
            13,
            3.5
          ],
          "texture": "#0"
        },
        "west": {
          "uv": [
            11,
            3.5,
            13,
            4
          ],
          "texture": "#0"
        },
        "up": {
          "uv": [
            11,
            7,
            9,
            5
          ],
          "texture": "#0"
        },
        "down": {
          "uv": [
            8,
            9,
            6,
            11
          ],
          "texture": "#0"
        }
      }
    },
    {
      "from": [
        5,
        6,
        5
      ],
      "to": [
        11,
        6.25,
        11
      ],
      "rotation": {
        "angle": 0,
        "axis": "y",
        "origin": [
          8,
          6,
          7
        ]
      },
      "faces": {
        "north": {
          "uv": [
            5,
            11,
            8,
            11.25
          ],
          "texture": "#0"
        },
        "east": {
          "uv": [
            11,
            5,
            14,
            5.25
          ],
          "texture": "#0"
        },
        "south": {
          "uv": [
            11,
            5.5,
            14,
            5.75
          ],
          "texture": "#0"
        },
        "west": {
          "uv": [
            11,
            6,
            14,
            6.25
          ],
          "texture": "#0"
        },
        "up": {
          "uv": [
            3,
            9,
            0,
            6
          ],
          "texture": "#0"
        },
        "down": {
          "uv": [
            9,
            0,
            6,
            3
          ],
          "texture": "#0"
        }
      }
    },
    {
      "from": [
        5,
        7.75,
        8
      ],
      "to": [
        11,
        8,
        11.25
      ],
      "rotation": {
        "angle": 22.5,
        "axis": "x",
        "origin": [
          8,
          7.75,
          7.25
        ]
      },
      "faces": {
        "north": {
          "uv": [
            11,
            6.5,
            14,
            6.75
          ],
          "texture": "#0"
        },
        "east": {
          "uv": [
            11.5,
            7.5,
            13.25,
            7.75
          ],
          "texture": "#0"
        },
        "south": {
          "uv": [
            11,
            7,
            14,
            7.25
          ],
          "texture": "#0"
        },
        "west": {
          "uv": [
            11.5,
            8,
            13.25,
            8.25
          ],
          "texture": "#0"
        },
        "up": {
          "uv": [
            12,
            1.75,
            9,
            0
          ],
          "texture": "#0"
        },
        "down": {
          "uv": [
            6,
            9,
            3,
            10.75
          ],
          "texture": "#0"
        }
      }
    },
    {
      "from": [
        5,
        7,
        5
      ],
      "to": [
        11,
        7.25,
        8.25
      ],
      "rotation": {
        "angle": -22.5,
        "axis": "x",
        "origin": [
          8,
          7,
          7
        ]
      },
      "faces": {
        "north": {
          "uv": [
            11,
            4,
            14,
            4.25
          ],
          "texture": "#0"
        },
        "east": {
          "uv": [
            4,
            11.5,
            5.75,
            11.75
          ],
          "texture": "#0"
        },
        "south": {
          "uv": [
            11,
            4.5,
            14,
            4.75
          ],
          "texture": "#0"
        },
        "west": {
          "uv": [
            6,
            11.5,
            7.75,
            11.75
          ],
          "texture": "#0"
        },
        "up": {
          "uv": [
            11,
            4.75,
            8,
            3
          ],
          "texture": "#0"
        },
        "down": {
          "uv": [
            3,
            9,
            0,
            10.75
          ],
          "texture": "#0"
        }
      }
    }
  ],
  "display": {
    "thirdperson_righthand": {
      "rotation": [
        76,
        0,
        1
      ],
      "translation": [
        -0.25,
        -0.5,
        0
      ],
      "scale": [
        0.8,
        0.8,
        0.8
      ]
    },
    "thirdperson_lefthand": {
      "rotation": [
        73,
        0,
        0
      ],
      "scale": [
        0.8,
        0.8,
        0.8
      ]
    },
    "firstperson_righthand": {
      "rotation": [
        9,
        89,
        0
      ],
      "translation": [
        4,
        4,
        0
      ]
    },
    "firstperson_lefthand": {
      "rotation": [
        9,
        89,
        0
      ],
      "translation": [
        4,
        4,
        0
      ]
    },
    "ground": {
      "translation": [
        0,
        4.25,
        0
      ]
    },
    "gui": {
      "rotation": [
        7,
        -32,
        -7
      ],
      "translation": [
        0.75,
        4.5,
        0
      ],
      "scale": [
        1.59,
        1.5,
        1.5
      ]
    },
    "head": {
      "translation": [
        0,
        14.5,
        0
      ]
    },
    "fixed": {
      "translation": [
        0,
        6.5,
        -4
      ],
      "scale": [
        1.5,
        1.5,
        1.5
      ]
    }
  }
}