{
  "credit": "Made with Blockbench",
  "elements": [
    {
      "from": [
        7,
        0,
        7
      ],
      "to": [
        9,
        2,
        9
      ],
      "rotation": {
        "angle": 0,
        "axis": "y",
        "origin": [
          7,
          0,
          7
        ]
      },
      "faces": {
        "north": {
          "uv": [
            11.5,
            5,
            12.5,
            6
          ],
          "texture": "#0"
        },
        "east": {
          "uv": [
            11.5,
            6,
            12.5,
            7
          ],
          "texture": "#0"
        },
        "south": {
          "uv": [
            6.5,
            11.5,
            7.5,
            12.5
          ],
          "texture": "#0"
        },
        "west": {
          "uv": [
            11.5,
            7,
            12.5,
            8
          ],
          "texture": "#0"
        },
        "up": {
          "uv": [
            12,
            12.5,
            11,
            11.5
          ],
          "texture": "#0"
        },
        "down": {
          "uv": [
            1,
            12,
            0,
            13
          ],
          "texture": "#0"
        }
      }
    },
    {
      "from": [
        7.25,
        7.25,
        7.25
      ],
      "to": [
        8.75,
        9.25,
        8.75
      ],
      "rotation": {
        "angle": 0,
        "axis": "y",
        "origin": [
          7,
          7.25,
          7
        ]
      },
      "faces": {
        "north": {
          "uv": [
            5,
            12.5,
            5.75,
            13.5
          ],
          "texture": "#0"
        },
        "east": {
          "uv": [
            12.5,
            5,
            13.25,
            6
          ],
          "texture": "#0"
        },
        "south": {
          "uv": [
            12.5,
            6,
            13.25,
            7
          ],
          "texture": "#0"
        },
        "west": {
          "uv": [
            6.5,
            12.5,
            7.25,
            13.5
          ],
          "texture": "#0"
        },
        "up": {
          "uv": [
            13.25,
            10.75,
            12.5,
            10
          ],
          "texture": "#0"
        },
        "down": {
          "uv": [
            11.75,
            12.5,
            11,
            13.25
          ],
          "texture": "#0"
        }
      }
    },
    {
      "from": [
        7,
        9.25,
        7
      ],
      "to": [
        9,
        11.25,
        9
      ],
      "rotation": {
        "angle": 0,
        "axis": "y",
        "origin": [
          7,
          9.25,
          7
        ]
      },
      "faces": {
        "north": {
          "uv": [
            12,
            0,
            13,
            1
          ],
          "texture": "#0"
        },
        "east": {
          "uv": [
            1,
            12,
            2,
            13
          ],
          "texture": "#0"
        },
        "south": {
          "uv": [
            12,
            1,
            13,
            2
          ],
          "texture": "#0"
        },
        "west": {
          "uv": [
            12,
            2,
            13,
            3
          ],
          "texture": "#0"
        },
        "up": {
          "uv": [
            13,
            4,
            12,
            3
          ],
          "texture": "#0"
        },
        "down": {
          "uv": [
            13,
            4,
            12,
            5
          ],
          "texture": "#0"
        }
      }
    },
    {
      "from": [
        5.6,
        12.25,
        6.4
      ],
      "to": [
        8.6,
        15.25,
        8.4
      ],
      "rotation": {
        "angle": -45,
        "axis": "z",
        "origin": [
          6.6,
          12.25,
          6.4
        ]
      },
      "faces": {
        "north": {
          "uv": [
            5,
            9.5,
            6.5,
            11
          ],
          "texture": "#0"
        },
        "east": {
          "uv": [
            0,
            10.5,
            1,
            12
          ],
          "texture": "#0"
        },
        "south": {
          "uv": [
            10,
            5,
            11.5,
            6.5
          ],
          "texture": "#0"
        },
        "west": {
          "uv": [
            1,
            10.5,
            2,
            12
          ],
          "texture": "#0"
        },
        "up": {
          "uv": [
            3.5,
            11.5,
            2,
            10.5
          ],
          "texture": "#0"
        },
        "down": {
          "uv": [
            5,
            10.5,
            3.5,
            11.5
          ],
          "texture": "#0"
        }
      }
    },
    {
      "from": [
        7.7,
        11.55,
        7.5
      ],
      "to": [
        10.7,
        14.55,
        9.5
      ],
      "rotation": {
        "angle": 45,
        "axis": "z",
        "origin": [
          8.7,
          11.55,
          7.5
        ]
      },
      "faces": {
        "north": {
          "uv": [
            6.5,
            10,
            8,
            11.5
          ],
          "texture": "#0"
        },
        "east": {
          "uv": [
            5,
            11,
            6,
            12.5
          ],
          "texture": "#0"
        },
        "south": {
          "uv": [
            10,
            6.5,
            11.5,
            8
          ],
          "texture": "#0"
        },
        "west": {
          "uv": [
            11,
            8,
            12,
            9.5
          ],
          "texture": "#0"
        },
        "up": {
          "uv": [
            12.5,
            10.5,
            11,
            9.5
          ],
          "texture": "#0"
        },
        "down": {
          "uv": [
            12.5,
            10.5,
            11,
            11.5
          ],
          "texture": "#0"
        }
      }
    },
    {
      "from": [
        5.15,
        10.75,
        7.1
      ],
      "to": [
        9.65,
        15.25,
        8.9
      ],
      "rotation": {
        "angle": -45,
        "axis": "z",
        "origin": [
          7.65,
          12.25,
          7
        ]
      },
      "faces": {
        "north": {
          "uv": [
            9,
            0,
            11.25,
            2.25
          ],
          "texture": "#0"
        },
        "east": {
          "uv": [
            9,
            5,
            10,
            7.25
          ],
          "texture": "#0"
        },
        "south": {
          "uv": [
            9,
            2.5,
            11.25,
            4.75
          ],
          "texture": "#0"
        },
        "west": {
          "uv": [
            9,
            7.5,
            10,
            9.75
          ],
          "texture": "#0"
        },
        "up": {
          "uv": [
            2.25,
            10.5,
            0,
            9.5
          ],
          "texture": "#0"
        },
        "down": {
          "uv": [
            4.75,
            9.5,
            2.5,
            10.5
          ],
          "texture": "#0"
        }
      }
    },
    {
      "from": [
        7.5,
        4,
        7.5
      ],
      "to": [
        8.5,
        9,
        8.5
      ],
      "rotation": {
        "angle": 0,
        "axis": "y",
        "origin": [
          7.5,
          4,
          7.5
        ]
      },
      "faces": {
        "north": {
          "uv": [
            6,
            11,
            6.5,
            13.5
          ],
          "texture": "#0"
        },
        "east": {
          "uv": [
            11.5,
            0,
            12,
            2.5
          ],
          "texture": "#0"
        },
        "south": {
          "uv": [
            2,
            11.5,
            2.5,
            14
          ],
          "texture": "#0"
        },
        "west": {
          "uv": [
            2.5,
            11.5,
            3,
            14
          ],
          "texture": "#0"
        },
        "up": {
          "uv": [
            7,
            10,
            6.5,
            9.5
          ],
          "texture": "#0"
        },
        "down": {
          "uv": [
            12.5,
            9,
            12,
            9.5
          ],
          "texture": "#0"
        }
      }
    },
    {
      "from": [
        9.5,
        16,
        7.65
      ],
      "to": [
        11.5,
        20,
        8.4
      ],
      "rotation": {
        "angle": 0,
        "axis": "y",
        "origin": [
          10.5,
          17,
          7.5
        ]
      },
      "faces": {
        "north": {
          "uv": [
            9,
            10,
            10,
            12
          ],
          "texture": "#0"
        },
        "east": {
          "uv": [
            8,
            12,
            8.5,
            14
          ],
          "texture": "#0"
        },
        "south": {
          "uv": [
            10,
            10,
            11,
            12
          ],
          "texture": "#0"
        },
        "west": {
          "uv": [
            8.5,
            12,
            9,
            14
          ],
          "texture": "#0"
        },
        "up": {
          "uv": [
            14,
            2,
            13,
            1.5
          ],
          "texture": "#0"
        },
        "down": {
          "uv": [
            14,
            2,
            13,
            2.5
          ],
          "texture": "#0"
        }
      }
    },
    {
      "from": [
        12.5,
        11.75,
        7.5
      ],
      "to": [
        13.5,
        16,
        8.5
      ],
      "rotation": {
        "angle": 45,
        "axis": "z",
        "origin": [
          12.5,
          14.75,
          7.5
        ]
      },
      "faces": {
        "north": {
          "uv": [
            11.5,
            2.5,
            12,
            4.625
          ],
          "texture": "#0"
        },
        "east": {
          "uv": [
            3,
            11.5,
            3.5,
            13.625
          ],
          "texture": "#0"
        },
        "south": {
          "uv": [
            3.5,
            11.5,
            4,
            13.625
          ],
          "texture": "#0"
        },
        "west": {
          "uv": [
            4,
            11.5,
            4.5,
            13.625
          ],
          "texture": "#0"
        },
        "up": {
          "uv": [
            13.5,
            3,
            13,
            2.5
          ],
          "texture": "#0"
        },
        "down": {
          "uv": [
            13.5,
            3,
            13,
            3.5
          ],
          "texture": "#0"
        }
      }
    },
    {
      "from": [
        11.75,
        9,
        8
      ],
      "to": [
        15.75,
        18.25,
        8
      ],
      "rotation": {
        "angle": 45,
        "axis": "z",
        "origin": [
          12.5,
          16,
          7.5
        ]
      },
      "faces": {
        "north": {
          "uv": [
            0,
            0,
            4,
            9.25
          ],
          "texture": "#1"
        },
        "east": {
          "uv": [
            0,
            0,
            0,
            9.25
          ],
          "texture": "#1"
        },
        "south": {
          "uv": [
            4,
            0,
            8,
            9.25
          ],
          "texture": "#1"
        },
        "west": {
          "uv": [
            0,
            0,
            0,
            9.25
          ],
          "texture": "#1"
        },
        "up": {
          "uv": [
            4,
            0,
            0,
            0
          ],
          "texture": "#1"
        },
        "down": {
          "uv": [
            4,
            0,
            0,
            0
          ],
          "texture": "#1"
        }
      }
    },
    {
      "from": [
        3.5,
        13,
        8
      ],
      "to": [
        10.5,
        32,
        8
      ],
      "rotation": {
        "angle": 0,
        "axis": "y",
        "origin": [
          7.5,
          4,
          7.5
        ]
      },
      "faces": {
        "north": {
          "uv": [
            0,
            0,
            3.5,
            9.5
          ],
          "texture": "#0"
        },
        "east": {
          "uv": [
            0,
            0,
            0,
            9.5
          ],
          "texture": "#0"
        },
        "south": {
          "uv": [
            3.5,
            0,
            7,
            9.5
          ],
          "texture": "#0"
        },
        "west": {
          "uv": [
            0,
            0,
            0,
            9.5
          ],
          "texture": "#0"
        },
        "up": {
          "uv": [
            3.5,
            0,
            0,
            0
          ],
          "texture": "#0"
        },
        "down": {
          "uv": [
            3.5,
            0,
            0,
            0
          ],
          "texture": "#0"
        }
      }
    },
    {
      "from": [
        5.3,
        14.25,
        7.5
      ],
      "to": [
        7.35,
        18.25,
        8.5
      ],
      "rotation": {
        "angle": -45,
        "axis": "z",
        "origin": [
          7.5,
          11.25,
          7.5
        ]
      },
      "faces": {
        "north": {
          "uv": [
            8,
            10,
            9,
            12
          ],
          "texture": "#0"
        },
        "east": {
          "uv": [
            4.5,
            11.5,
            5,
            13.5
          ],
          "texture": "#0"
        },
        "south": {
          "uv": [
            10,
            8,
            11,
            10
          ],
          "texture": "#0"
        },
        "west": {
          "uv": [
            7.5,
            11.5,
            8,
            13.5
          ],
          "texture": "#0"
        },
        "up": {
          "uv": [
            13.5,
            11.5,
            12.5,
            11
          ],
          "texture": "#0"
        },
        "down": {
          "uv": [
            14,
            1,
            13,
            1.5
          ],
          "texture": "#0"
        }
      }
    },
    {
      "from": [
        7.3,
        12.25,
        6.1
      ],
      "to": [
        8.7,
        13.75,
        6.1
      ],
      "rotation": {
        "angle": 0,
        "axis": "y",
        "origin": [
          7.7,
          9.25,
          6.1
        ]
      },
      "faces": {
        "north": {
          "uv": [
            12,
            12.5,
            12.75,
            13.25
          ],
          "texture": "#0"
        },
        "east": {
          "uv": [
            0,
            0,
            0,
            0.75
          ],
          "texture": "#0"
        },
        "south": {
          "uv": [
            0,
            13,
            0.75,
            13.75
          ],
          "texture": "#0"
        },
        "west": {
          "uv": [
            0,
            0,
            0,
            0.75
          ],
          "texture": "#0"
        },
        "up": {
          "uv": [
            0.75,
            0,
            0,
            0
          ],
          "texture": "#0"
        },
        "down": {
          "uv": [
            0.75,
            0,
            0,
            0
          ],
          "texture": "#0"
        }
      }
    },
    {
      "from": [
        7.3,
        12.25,
        9.8
      ],
      "to": [
        8.7,
        13.75,
        9.8
      ],
      "rotation": {
        "angle": 0,
        "axis": "y",
        "origin": [
          7.7,
          9.25,
          9.8
        ]
      },
      "faces": {
        "north": {
          "uv": [
            13,
            0,
            13.75,
            0.75
          ],
          "texture": "#0"
        },
        "east": {
          "uv": [
            0,
            0,
            0,
            0.75
          ],
          "texture": "#0"
        },
        "south": {
          "uv": [
            1,
            13,
            1.75,
            13.75
          ],
          "texture": "#0"
        },
        "west": {
          "uv": [
            0,
            0,
            0,
            0.75
          ],
          "texture": "#0"
        },
        "up": {
          "uv": [
            0.75,
            0,
            0,
            0
          ],
          "texture": "#0"
        },
        "down": {
          "uv": [
            0.75,
            0,
            0,
            0
          ],
          "texture": "#0"
        }
      }
    },
    {
      "from": [
        7.25,
        2,
        7.25
      ],
      "to": [
        8.75,
        4,
        8.75
      ],
      "rotation": {
        "angle": 0,
        "axis": "y",
        "origin": [
          7,
          2,
          7
        ]
      },
      "faces": {
        "north": {
          "uv": [
            12,
            8,
            12.75,
            9
          ],
          "texture": "#0"
        },
        "east": {
          "uv": [
            9,
            12,
            9.75,
            13
          ],
          "texture": "#0"
        },
        "south": {
          "uv": [
            10,
            12,
            10.75,
            13
          ],
          "texture": "#0"
        },
        "west": {
          "uv": [
            12,
            11.5,
            12.75,
            12.5
          ],
          "texture": "#0"
        },
        "up": {
          "uv": [
            13.25,
            7.75,
            12.5,
            7
          ],
          "texture": "#0"
        },
        "down": {
          "uv": [
            13.25,
            9,
            12.5,
            9.75
          ],
          "texture": "#0"
        }
      }
    }
  ],
  "gui_light": "front",
  "display": {
    "thirdperson_righthand": {
      "rotation": [
        10,
        -72,
        0
      ],
      "translation": [
        0.25,
        1,
        2
      ]
    },
    "thirdperson_lefthand": {
      "rotation": [
        10,
        107,
        0
      ],
      "translation": [
        0.25,
        1,
        2
      ]
    },
    "firstperson_righthand": {
      "rotation": [
        13,
        -78,
        0
      ],
      "translation": [
        7.25,
        -1.75,
        -5
      ],
      "scale": [
        0.8,
        0.9,
        0.8
      ]
    },
    "firstperson_lefthand": {
      "rotation": [
        13,
        88,
        0
      ],
      "translation": [
        7.25,
        -1.75,
        -5
      ],
      "scale": [
        0.8,
        0.9,
        0.8
      ]
    },
    "ground": {
      "translation": [
        0,
        4,
        0
      ]
    },
    "gui": {
      "rotation": [
        0,
        0,
        -26.75
      ],
      "translation": [
        -4.25,
        -3.75,
        0
      ],
      "scale": [
        0.9,
        0.9,
        0.9
      ]
    },
    "head": {
      "rotation": [
        0,
        0,
        136.5
      ],
      "translation": [
        5.75,
        -6.25,
        8
      ],
      "scale": [
        1.5,
        1.5,
        1.5
      ]
    },
    "fixed": {
      "translation": [
        0,
        -5.75,
        -1.25
      ],
      "scale": [
        1.2,
        1.2,
        1.2
      ]
    }
  }
}