{
  "credit": "Made with Blockbench",
  "texture_size": [
    64,
    64
  ],
  "elements": [
    {
      "from": [
        6.75,
        0.4,
        6.75
      ],
      "to": [
        9.25,
        3,
        9.25
      ],
      "rotation": {
        "angle": 0,
        "axis": "y",
        "origin": [
          7,
          1,
          7
        ]
      },
      "faces": {
        "north": {
          "uv": [
            5.5,
            3,
            6.125,
            3.625
          ],
          "texture": "#0"
        },
        "east": {
          "uv": [
            5.5,
            3.75,
            6.125,
            4.375
          ],
          "texture": "#0"
        },
        "south": {
          "uv": [
            5.5,
            4.5,
            6.125,
            5.125
          ],
          "texture": "#0"
        },
        "west": {
          "uv": [
            5.5,
            5.25,
            6.125,
            5.875
          ],
          "texture": "#0"
        },
        "up": {
          "uv": [
            4.625,
            6.375,
            4,
            5.75
          ],
          "texture": "#0"
        },
        "down": {
          "uv": [
            6.625,
            0.5,
            6,
            1.125
          ],
          "texture": "#0"
        }
      }
    },
    {
      "from": [
        6.75,
        7.5,
        11.45
      ],
      "to": [
        9.25,
        9.5,
        13.45
      ],
      "rotation": {
        "angle": 0,
        "axis": "y",
        "origin": [
          7,
          7.5,
          11.3
        ]
      },
      "faces": {
        "north": {
          "uv": [
            6,
            2.25,
            6.625,
            2.75
          ],
          "texture": "#0"
        },
        "east": {
          "uv": [
            6.5,
            6.5,
            7,
            7
          ],
          "texture": "#0"
        },
        "south": {
          "uv": [
            6.25,
            0,
            6.875,
            0.5
          ],
          "texture": "#0"
        },
        "west": {
          "uv": [
            6.75,
            0.5,
            7.25,
            1
          ],
          "texture": "#0"
        },
        "up": {
          "uv": [
            6.875,
            3.25,
            6.25,
            2.75
          ],
          "texture": "#0"
        },
        "down": {
          "uv": [
            6.875,
            3.25,
            6.25,
            3.75
          ],
          "texture": "#0"
        }
      }
    },
    {
      "from": [
        6.75,
        7.5,
        2.55
      ],
      "to": [
        9.25,
        9.5,
        4.55
      ],
      "rotation": {
        "angle": 0,
        "axis": "y",
        "origin": [
          7,
          7.5,
          2.4
        ]
      },
      "faces": {
        "north": {
          "uv": [
            6.25,
            3.75,
            6.875,
            4.25
          ],
          "texture": "#0"
        },
        "east": {
          "uv": [
            6.75,
            2.25,
            7.25,
            2.75
          ],
          "texture": "#0"
        },
        "south": {
          "uv": [
            6.25,
            4.25,
            6.875,
            4.75
          ],
          "texture": "#0"
        },
        "west": {
          "uv": [
            4.5,
            6.75,
            5,
            7.25
          ],
          "texture": "#0"
        },
        "up": {
          "uv": [
            5.375,
            6.75,
            4.75,
            6.25
          ],
          "texture": "#0"
        },
        "down": {
          "uv": [
            6.875,
            4.75,
            6.25,
            5.25
          ],
          "texture": "#0"
        }
      }
    },
    {
      "from": [
        7,
        3,
        7
      ],
      "to": [
        9,
        7.6,
        9
      ],
      "rotation": {
        "angle": 0,
        "axis": "y",
        "origin": [
          7,
          3,
          7
        ]
      },
      "faces": {
        "north": {
          "uv": [
            4,
            4.5,
            4.5,
            5.625
          ],
          "texture": "#0"
        },
        "east": {
          "uv": [
            4.5,
            4.25,
            5,
            5.375
          ],
          "texture": "#0"
        },
        "south": {
          "uv": [
            0,
            5,
            0.5,
            6.125
          ],
          "texture": "#0"
        },
        "west": {
          "uv": [
            0.5,
            5,
            1,
            6.125
          ],
          "texture": "#0"
        },
        "up": {
          "uv": [
            7,
            1.75,
            6.5,
            1.25
          ],
          "texture": "#0"
        },
        "down": {
          "uv": [
            7,
            1.75,
            6.5,
            2.25
          ],
          "texture": "#0"
        }
      }
    },
    {
      "from": [
        7,
        7.6,
        4.5
      ],
      "to": [
        9,
        9.4,
        11.5
      ],
      "rotation": {
        "angle": 0,
        "axis": "x",
        "origin": [
          8,
          8.6,
          8
        ]
      },
      "faces": {
        "north": {
          "uv": [
            4,
            6.5,
            4.5,
            7
          ],
          "texture": "#0"
        },
        "east": {
          "uv": [
            0,
            4.5,
            1.75,
            5
          ],
          "texture": "#0"
        },
        "south": {
          "uv": [
            6.5,
            6,
            7,
            6.5
          ],
          "texture": "#0"
        },
        "west": {
          "uv": [
            4.5,
            0,
            6.25,
            0.5
          ],
          "texture": "#0"
        },
        "up": {
          "uv": [
            5,
            2.25,
            4.5,
            0.5
          ],
          "texture": "#0"
        },
        "down": {
          "uv": [
            2.25,
            4.5,
            1.75,
            6.25
          ],
          "texture": "#0"
        }
      }
    },
    {
      "from": [
        7.2,
        9.3,
        5.5
      ],
      "to": [
        8.7,
        27,
        10.5
      ],
      "rotation": {
        "angle": 0,
        "axis": "y",
        "origin": [
          7.2,
          9.3,
          7
        ]
      },
      "faces": {
        "north": {
          "uv": [
            4,
            0,
            4.375,
            4.375
          ],
          "texture": "#0"
        },
        "east": {
          "uv": [
            0,
            0,
            1.25,
            4.375
          ],
          "texture": "#0"
        },
        "south": {
          "uv": [
            2.5,
            4.25,
            2.875,
            8.625
          ],
          "texture": "#0"
        },
        "west": {
          "uv": [
            1.25,
            0,
            2.5,
            4.375
          ],
          "texture": "#0"
        },
        "up": {
          "uv": [
            5.875,
            1.75,
            5.5,
            0.5
          ],
          "texture": "#0"
        },
        "down": {
          "uv": [
            5.875,
            1.75,
            5.5,
            3
          ],
          "texture": "#0"
        }
      }
    },
    {
      "from": [
        7.22,
        25.22803,
        6.25555
      ],
      "to": [
        8.62,
        28.77803,
        9.75555
      ],
      "rotation": {
        "angle": -45,
        "axis": "x",
        "origin": [
          7.9,
          27.00303,
          8.00555
        ]
      },
      "faces": {
        "north": {
          "uv": [
            0,
            6.25,
            0.375,
            7.125
          ],
          "texture": "#0"
        },
        "east": {
          "uv": [
            4.5,
            2.25,
            5.375,
            3.125
          ],
          "texture": "#0"
        },
        "south": {
          "uv": [
            0.5,
            6.25,
            0.875,
            7.125
          ],
          "texture": "#0"
        },
        "west": {
          "uv": [
            4.5,
            3.25,
            5.375,
            4.125
          ],
          "texture": "#0"
        },
        "up": {
          "uv": [
            1.875,
            7.125,
            1.5,
            6.25
          ],
          "texture": "#0"
        },
        "down": {
          "uv": [
            2.375,
            6.25,
            2,
            7.125
          ],
          "texture": "#0"
        }
      }
    },
    {
      "from": [
        7.12,
        25.22803,
        6.25555
      ],
      "to": [
        8.72,
        27.37803,
        8.35555
      ],
      "rotation": {
        "angle": -45,
        "axis": "x",
        "origin": [
          7.8,
          27.00303,
          8.00555
        ]
      },
      "faces": {
        "north": {
          "uv": [
            7,
            2.75,
            7.375,
            3.25
          ],
          "texture": "#0"
        },
        "east": {
          "uv": [
            5,
            6.75,
            5.5,
            7.25
          ],
          "texture": "#0"
        },
        "south": {
          "uv": [
            7,
            3.25,
            7.375,
            3.75
          ],
          "texture": "#0"
        },
        "west": {
          "uv": [
            6.75,
            5.25,
            7.25,
            5.75
          ],
          "texture": "#0"
        },
        "up": {
          "uv": [
            7.375,
            4.25,
            7,
            3.75
          ],
          "texture": "#0"
        },
        "down": {
          "uv": [
            4.375,
            7,
            4,
            7.5
          ],
          "texture": "#0"
        }
      }
    },
    {
      "from": [
        7.1,
        9.3,
        6.5
      ],
      "to": [
        8.8,
        26,
        9.5
      ],
      "rotation": {
        "angle": 0,
        "axis": "y",
        "origin": [
          7.1,
          9.3,
          7
        ]
      },
      "faces": {
        "north": {
          "uv": [
            3,
            4.25,
            3.375,
            8.375
          ],
          "texture": "#0"
        },
        "east": {
          "uv": [
            2.5,
            0,
            3.25,
            4.125
          ],
          "texture": "#0"
        },
        "south": {
          "uv": [
            3.5,
            4.25,
            3.875,
            8.375
          ],
          "texture": "#0"
        },
        "west": {
          "uv": [
            3.25,
            0,
            4,
            4.125
          ],
          "texture": "#0"
        },
        "up": {
          "uv": [
            5.375,
            2.25,
            5,
            1.5
          ],
          "texture": "#0"
        },
        "down": {
          "uv": [
            6.625,
            5.25,
            6.25,
            6
          ],
          "texture": "#0"
        }
      }
    },
    {
      "from": [
        7.2,
        5.4,
        5.3
      ],
      "to": [
        8.7,
        9.4,
        7.3
      ],
      "rotation": {
        "angle": -45,
        "axis": "x",
        "origin": [
          7.95,
          7.4,
          6.8
        ]
      },
      "faces": {
        "north": {
          "uv": [
            1,
            6,
            1.375,
            7
          ],
          "texture": "#0"
        },
        "east": {
          "uv": [
            5,
            0.5,
            5.5,
            1.5
          ],
          "texture": "#0"
        },
        "south": {
          "uv": [
            6,
            1.25,
            6.375,
            2.25
          ],
          "texture": "#0"
        },
        "west": {
          "uv": [
            1,
            5,
            1.5,
            6
          ],
          "texture": "#0"
        },
        "up": {
          "uv": [
            7.375,
            0.5,
            7,
            0
          ],
          "texture": "#0"
        },
        "down": {
          "uv": [
            1.375,
            7,
            1,
            7.5
          ],
          "texture": "#0"
        }
      }
    },
    {
      "from": [
        7.2,
        4.94645,
        8.44645
      ],
      "to": [
        8.7,
        8.94645,
        10.44645
      ],
      "rotation": {
        "angle": 45,
        "axis": "x",
        "origin": [
          7.95,
          6.94645,
          9.44645
        ]
      },
      "faces": {
        "north": {
          "uv": [
            5.5,
            6,
            5.875,
            7
          ],
          "texture": "#0"
        },
        "east": {
          "uv": [
            5,
            4.25,
            5.5,
            5.25
          ],
          "texture": "#0"
        },
        "south": {
          "uv": [
            6,
            6,
            6.375,
            7
          ],
          "texture": "#0"
        },
        "west": {
          "uv": [
            5,
            5.25,
            5.5,
            6.25
          ],
          "texture": "#0"
        },
        "up": {
          "uv": [
            7.375,
            1.5,
            7,
            1
          ],
          "texture": "#0"
        },
        "down": {
          "uv": [
            7.375,
            1.5,
            7,
            2
          ],
          "texture": "#0"
        }
      }
    }
  ],
  "gui_light": "front",
  "display": {
    "thirdperson_righthand": {
      "translation": [
        0,
        2.75,
        1.25
      ],
      "scale": [
        0.9,
        0.9,
        0.9
      ]
    },
    "thirdperson_lefthand": {
      "translation": [
        0,
        3.5,
        1.5
      ],
      "scale": [
        0.9,
        0.9,
        0.9
      ]
    },
    "firstperson_righthand": {
      "rotation": [
        8.5,
        0,
        0
      ],
      "translation": [
        5,
        0.75,
        0
      ],
      "scale": [
        0.8,
        0.8,
        0.8
      ]
    },
    "firstperson_lefthand": {
      "rotation": [
        8.5,
        0,
        0
      ],
      "translation": [
        5,
        0.75,
        0
      ],
      "scale": [
        0.8,
        0.8,
        0.8
      ]
    },
    "ground": {
      "translation": [
        0,
        4.25,
        0
      ]
    },
    "gui": {
      "rotation": [
        -87.46,
        -43.92,
        -88.95
      ],
      "translation": [
        -3.75,
        -3.75,
        0
      ],
      "scale": [
        0.8,
        0.8,
        0.8
      ]
    },
    "head": {
      "rotation": [
        93.98,
        66.19,
        89.86
      ],
      "translation": [
        2.75,
        -7,
        6.75
      ]
    },
    "fixed": {
      "rotation": [
        0,
        -90,
        0
      ],
      "translation": [
        0,
        -3.5,
        0
      ]
    }
  },
  "groups": [
    0,
    1,
    2,
    3,
    4,
    5,
    6,
    {
      "name": "group",
      "origin": [
        5.2,
        8.3,
        7
      ],
      "color": 0,
      "children": [
        7,
        8
      ]
    },
    9,
    10
  ]
}