{
  "credit": "Made with Blockbench",
  "texture_size": [
    32,
    32
  ],
  "elements": [
    {
      "from": [
        6,
        4,
        7
      ],
      "to": [
        9,
        9,
        10
      ],
      "rotation": {
        "angle": 0,
        "axis": "y",
        "origin": [
          8,
          0,
          8
        ]
      },
      "faces": {
        "north": {
          "uv": [
            0,
            0,
            1.5,
            2.5
          ],
          "texture": "#0"
        },
        "east": {
          "uv": [
            1.5,
            0,
            3,
            2.5
          ],
          "texture": "#0"
        },
        "south": {
          "uv": [
            0,
            2.5,
            1.5,
            5
          ],
          "texture": "#0"
        },
        "west": {
          "uv": [
            1.5,
            2.5,
            3,
            5
          ],
          "texture": "#0"
        },
        "up": {
          "uv": [
            1.5,
            9,
            0,
            7.5
          ],
          "texture": "#0"
        },
        "down": {
          "uv": [
            3,
            7.5,
            1.5,
            9
          ],
          "texture": "#0"
        }
      }
    },
    {
      "from": [
        5,
        4,
        7
      ],
      "to": [
        6,
        9,
        10
      ],
      "rotation": {
        "angle": 0,
        "axis": "y",
        "origin": [
          5,
          0,
          8
        ]
      },
      "faces": {
        "north": {
          "uv": [
            3,
            7.5,
            3.5,
            10
          ],
          "texture": "#0"
        },
        "east": {
          "uv": [
            3,
            0,
            4.5,
            2.5
          ],
          "texture": "#0"
        },
        "south": {
          "uv": [
            3.5,
            7.5,
            4,
            10
          ],
          "texture": "#0"
        },
        "west": {
          "uv": [
            3,
            2.5,
            4.5,
            5
          ],
          "texture": "#0"
        },
        "up": {
          "uv": [
            0.5,
            10.5,
            0,
            9
          ],
          "texture": "#0"
        },
        "down": {
          "uv": [
            1,
            9,
            0.5,
            10.5
          ],
          "texture": "#0"
        }
      }
    },
    {
      "from": [
        9,
        4,
        7
      ],
      "to": [
        10,
        9,
        10
      ],
      "rotation": {
        "angle": 0,
        "axis": "y",
        "origin": [
          9,
          0,
          8
        ]
      },
      "faces": {
        "north": {
          "uv": [
            4,
            7.5,
            4.5,
            10
          ],
          "texture": "#0"
        },
        "east": {
          "uv": [
            4.5,
            0,
            6,
            2.5
          ],
          "texture": "#0"
        },
        "south": {
          "uv": [
            4.5,
            7.5,
            5,
            10
          ],
          "texture": "#0"
        },
        "west": {
          "uv": [
            4.5,
            2.5,
            6,
            5
          ],
          "texture": "#0"
        },
        "up": {
          "uv": [
            1.5,
            10.5,
            1,
            9
          ],
          "texture": "#0"
        },
        "down": {
          "uv": [
            2,
            9,
            1.5,
            10.5
          ],
          "texture": "#0"
        }
      }
    },
    {
      "from": [
        10,
        4,
        7.5
      ],
      "to": [
        12,
        9,
        9.5
      ],
      "rotation": {
        "angle": 0,
        "axis": "y",
        "origin": [
          7.5,
          6.5,
          8.5
        ]
      },
      "faces": {
        "north": {
          "uv": [
            0,
            5,
            1,
            7.5
          ],
          "texture": "#0"
        },
        "east": {
          "uv": [
            1,
            5,
            2,
            7.5
          ],
          "texture": "#0"
        },
        "south": {
          "uv": [
            2,
            5,
            3,
            7.5
          ],
          "texture": "#0"
        },
        "west": {
          "uv": [
            3,
            5,
            4,
            7.5
          ],
          "texture": "#0"
        },
        "up": {
          "uv": [
            6,
            8.5,
            5,
            7.5
          ],
          "texture": "#0"
        },
        "down": {
          "uv": [
            7,
            8,
            6,
            9
          ],
          "texture": "#0"
        }
      }
    },
    {
      "from": [
        1,
        6,
        8
      ],
      "to": [
        2,
        7,
        9
      ],
      "rotation": {
        "angle": 0,
        "axis": "y",
        "origin": [
          1.5,
          6.5,
          6.5
        ]
      },
      "faces": {
        "north": {
          "uv": [
            5.5,
            9.5,
            6,
            10
          ],
          "texture": "#0"
        },
        "east": {
          "uv": [
            9.5,
            6.5,
            10,
            7
          ],
          "texture": "#0"
        },
        "south": {
          "uv": [
            7,
            9.5,
            7.5,
            10
          ],
          "texture": "#0"
        },
        "west": {
          "uv": [
            9.5,
            7,
            10,
            7.5
          ],
          "texture": "#0"
        },
        "up": {
          "uv": [
            8,
            10,
            7.5,
            9.5
          ],
          "texture": "#0"
        },
        "down": {
          "uv": [
            10,
            7.5,
            9.5,
            8
          ],
          "texture": "#0"
        }
      }
    },
    {
      "from": [
        2,
        5,
        8
      ],
      "to": [
        3,
        8,
        9
      ],
      "rotation": {
        "angle": 0,
        "axis": "y",
        "origin": [
          4.5,
          6.5,
          8.5
        ]
      },
      "faces": {
        "north": {
          "uv": [
            2,
            9,
            2.5,
            10.5
          ],
          "texture": "#0"
        },
        "east": {
          "uv": [
            2.5,
            9,
            3,
            10.5
          ],
          "texture": "#0"
        },
        "south": {
          "uv": [
            6,
            9,
            6.5,
            10.5
          ],
          "texture": "#0"
        },
        "west": {
          "uv": [
            6.5,
            9,
            7,
            10.5
          ],
          "texture": "#0"
        },
        "up": {
          "uv": [
            8.5,
            10,
            8,
            9.5
          ],
          "texture": "#0"
        },
        "down": {
          "uv": [
            9,
            9.5,
            8.5,
            10
          ],
          "texture": "#0"
        }
      }
    },
    {
      "from": [
        3,
        4,
        7.5
      ],
      "to": [
        5,
        9,
        9.5
      ],
      "rotation": {
        "angle": 0,
        "axis": "y",
        "origin": [
          7.5,
          6.5,
          8.5
        ]
      },
      "faces": {
        "north": {
          "uv": [
            4,
            5,
            5,
            7.5
          ],
          "texture": "#0"
        },
        "east": {
          "uv": [
            5,
            5,
            6,
            7.5
          ],
          "texture": "#0"
        },
        "south": {
          "uv": [
            6,
            0,
            7,
            2.5
          ],
          "texture": "#0"
        },
        "west": {
          "uv": [
            6,
            2.5,
            7,
            5
          ],
          "texture": "#0"
        },
        "up": {
          "uv": [
            8,
            9,
            7,
            8
          ],
          "texture": "#0"
        },
        "down": {
          "uv": [
            9,
            8,
            8,
            9
          ],
          "texture": "#0"
        }
      }
    },
    {
      "from": [
        7,
        12,
        8
      ],
      "to": [
        8,
        13,
        9
      ],
      "rotation": {
        "angle": 0,
        "axis": "y",
        "origin": [
          7.5,
          12.5,
          6.5
        ]
      },
      "faces": {
        "north": {
          "uv": [
            9,
            9.5,
            9.5,
            10
          ],
          "texture": "#0"
        },
        "east": {
          "uv": [
            9.5,
            9.5,
            10,
            10
          ],
          "texture": "#0"
        },
        "south": {
          "uv": [
            10,
            2,
            10.5,
            2.5
          ],
          "texture": "#0"
        },
        "west": {
          "uv": [
            10,
            2.5,
            10.5,
            3
          ],
          "texture": "#0"
        },
        "up": {
          "uv": [
            3.5,
            10.5,
            3,
            10
          ],
          "texture": "#0"
        },
        "down": {
          "uv": [
            10.5,
            3,
            10,
            3.5
          ],
          "texture": "#0"
        }
      }
    },
    {
      "from": [
        6,
        11,
        8
      ],
      "to": [
        9,
        12,
        9
      ],
      "rotation": {
        "angle": 0,
        "axis": "y",
        "origin": [
          7.5,
          9.5,
          8.5
        ]
      },
      "faces": {
        "north": {
          "uv": [
            7,
            9,
            8.5,
            9.5
          ],
          "texture": "#0"
        },
        "east": {
          "uv": [
            3.5,
            10,
            4,
            10.5
          ],
          "texture": "#0"
        },
        "south": {
          "uv": [
            9,
            8,
            10.5,
            8.5
          ],
          "texture": "#0"
        },
        "west": {
          "uv": [
            10,
            3.5,
            10.5,
            4
          ],
          "texture": "#0"
        },
        "up": {
          "uv": [
            10,
            9.5,
            8.5,
            9
          ],
          "texture": "#0"
        },
        "down": {
          "uv": [
            10.5,
            8.5,
            9,
            9
          ],
          "texture": "#0"
        }
      }
    },
    {
      "from": [
        5,
        9,
        7.5
      ],
      "to": [
        10,
        11,
        9.5
      ],
      "rotation": {
        "angle": 0,
        "axis": "y",
        "origin": [
          7.5,
          6.5,
          8.5
        ]
      },
      "faces": {
        "north": {
          "uv": [
            6,
            5,
            8.5,
            6
          ],
          "texture": "#0"
        },
        "east": {
          "uv": [
            5,
            8.5,
            6,
            9.5
          ],
          "texture": "#0"
        },
        "south": {
          "uv": [
            6,
            6,
            8.5,
            7
          ],
          "texture": "#0"
        },
        "west": {
          "uv": [
            8.5,
            5,
            9.5,
            6
          ],
          "texture": "#0"
        },
        "up": {
          "uv": [
            9.5,
            1,
            7,
            0
          ],
          "texture": "#0"
        },
        "down": {
          "uv": [
            9.5,
            1,
            7,
            2
          ],
          "texture": "#0"
        }
      }
    },
    {
      "from": [
        7,
        0,
        8
      ],
      "to": [
        8,
        1,
        9
      ],
      "rotation": {
        "angle": 0,
        "axis": "y",
        "origin": [
          7.5,
          0.5,
          6.5
        ]
      },
      "faces": {
        "north": {
          "uv": [
            4,
            10,
            4.5,
            10.5
          ],
          "texture": "#0"
        },
        "east": {
          "uv": [
            10,
            4,
            10.5,
            4.5
          ],
          "texture": "#0"
        },
        "south": {
          "uv": [
            4.5,
            10,
            5,
            10.5
          ],
          "texture": "#0"
        },
        "west": {
          "uv": [
            10,
            4.5,
            10.5,
            5
          ],
          "texture": "#0"
        },
        "up": {
          "uv": [
            10.5,
            5.5,
            10,
            5
          ],
          "texture": "#0"
        },
        "down": {
          "uv": [
            6,
            10,
            5.5,
            10.5
          ],
          "texture": "#0"
        }
      }
    },
    {
      "from": [
        6,
        1,
        8
      ],
      "to": [
        9,
        2,
        9
      ],
      "rotation": {
        "angle": 0,
        "axis": "y",
        "origin": [
          7.5,
          3.5,
          8.5
        ]
      },
      "faces": {
        "north": {
          "uv": [
            9.5,
            0,
            11,
            0.5
          ],
          "texture": "#0"
        },
        "east": {
          "uv": [
            10,
            5.5,
            10.5,
            6
          ],
          "texture": "#0"
        },
        "south": {
          "uv": [
            9.5,
            0.5,
            11,
            1
          ],
          "texture": "#0"
        },
        "west": {
          "uv": [
            10,
            6,
            10.5,
            6.5
          ],
          "texture": "#0"
        },
        "up": {
          "uv": [
            11,
            1.5,
            9.5,
            1
          ],
          "texture": "#0"
        },
        "down": {
          "uv": [
            11,
            1.5,
            9.5,
            2
          ],
          "texture": "#0"
        }
      }
    },
    {
      "from": [
        5,
        2,
        7.5
      ],
      "to": [
        10,
        4,
        9.5
      ],
      "rotation": {
        "angle": 0,
        "axis": "y",
        "origin": [
          7.5,
          6.5,
          8.5
        ]
      },
      "faces": {
        "north": {
          "uv": [
            7,
            2,
            9.5,
            3
          ],
          "texture": "#0"
        },
        "east": {
          "uv": [
            8.5,
            6,
            9.5,
            7
          ],
          "texture": "#0"
        },
        "south": {
          "uv": [
            7,
            3,
            9.5,
            4
          ],
          "texture": "#0"
        },
        "west": {
          "uv": [
            8.5,
            7,
            9.5,
            8
          ],
          "texture": "#0"
        },
        "up": {
          "uv": [
            9.5,
            5,
            7,
            4
          ],
          "texture": "#0"
        },
        "down": {
          "uv": [
            8.5,
            7,
            6,
            8
          ],
          "texture": "#0"
        }
      }
    },
    {
      "from": [
        12,
        5,
        8
      ],
      "to": [
        13,
        8,
        9
      ],
      "rotation": {
        "angle": 0,
        "axis": "y",
        "origin": [
          10.5,
          6.5,
          8.5
        ]
      },
      "faces": {
        "north": {
          "uv": [
            9.5,
            2,
            10,
            3.5
          ],
          "texture": "#0"
        },
        "east": {
          "uv": [
            9.5,
            3.5,
            10,
            5
          ],
          "texture": "#0"
        },
        "south": {
          "uv": [
            5,
            9.5,
            5.5,
            11
          ],
          "texture": "#0"
        },
        "west": {
          "uv": [
            9.5,
            5,
            10,
            6.5
          ],
          "texture": "#0"
        },
        "up": {
          "uv": [
            10.5,
            7,
            10,
            6.5
          ],
          "texture": "#0"
        },
        "down": {
          "uv": [
            7.5,
            10,
            7,
            10.5
          ],
          "texture": "#0"
        }
      }
    },
    {
      "from": [
        13,
        6,
        8
      ],
      "to": [
        14,
        7,
        9
      ],
      "rotation": {
        "angle": 0,
        "axis": "y",
        "origin": [
          11.5,
          6.5,
          8.5
        ]
      },
      "faces": {
        "north": {
          "uv": [
            10,
            7,
            10.5,
            7.5
          ],
          "texture": "#0"
        },
        "east": {
          "uv": [
            7.5,
            10,
            8,
            10.5
          ],
          "texture": "#0"
        },
        "south": {
          "uv": [
            10,
            7.5,
            10.5,
            8
          ],
          "texture": "#0"
        },
        "west": {
          "uv": [
            8,
            10,
            8.5,
            10.5
          ],
          "texture": "#0"
        },
        "up": {
          "uv": [
            9,
            10.5,
            8.5,
            10
          ],
          "texture": "#0"
        },
        "down": {
          "uv": [
            9.5,
            10,
            9,
            10.5
          ],
          "texture": "#0"
        }
      }
    }
  ],
  "display": {
    "thirdperson_righthand": {
      "rotation": [
        63,
        29,
        0
      ],
      "translation": [
        -1,
        0.5,
        1.25
      ],
      "scale": [
        0.5,
        0.5,
        0.5
      ]
    },
    "thirdperson_lefthand": {
      "rotation": [
        63,
        29,
        0
      ],
      "translation": [
        -1,
        0.5,
        1.25
      ],
      "scale": [
        0.5,
        0.5,
        0.5
      ]
    },
    "firstperson_righthand": {
      "rotation": [
        -20,
        -75,
        0
      ],
      "translation": [
        3.25,
        2.5,
        0
      ],
      "scale": [
        0.8,
        0.8,
        0.8
      ]
    },
    "firstperson_lefthand": {
      "rotation": [
        -20,
        -75,
        0
      ],
      "translation": [
        3.25,
        2.5,
        0
      ],
      "scale": [
        0.8,
        0.8,
        0.8
      ]
    },
    "ground": {
      "translation": [
        0,
        4.75,
        0
      ]
    },
    "gui": {
      "translation": [
        0.75,
        1.75,
        0
      ],
      "scale": [
        1.2,
        1.2,
        1.2
      ]
    },
    "head": {
      "translation": [
        0.5,
        -12,
        4.25
      ]
    },
    "fixed": {
      "translation": [
        0.25,
        2,
        0
      ]
    }
  },
  "groups": [
    {
      "name": "group",
      "origin": [
        9,
        0,
        8
      ],
      "color": 0,
      "children": [
        0,
        1,
        2,
        3,
        4,
        5,
        6,
        7,
        8,
        9,
        10,
        11,
        12,
        13,
        14
      ]
    }
  ]
}