{
  "credit": "Made with Blockbench",
  "texture_size": [
    64,
    64
  ],
  "elements": [
    {
      "from": [
        3,
        0,
        4
      ],
      "to": [
        12,
        9,
        13
      ],
      "rotation": {
        "angle": 0,
        "axis": "y",
        "origin": [
          -1,
          0,
          1
        ]
      },
      "faces": {
        "north": {
          "uv": [
            0,
            0,
            2.25,
            2.25
          ],
          "texture": "#0"
        },
        "east": {
          "uv": [
            0,
            2.25,
            2.25,
            4.5
          ],
          "texture": "#0"
        },
        "south": {
          "uv": [
            2.25,
            0,
            4.5,
            2.25
          ],
          "texture": "#0"
        },
        "west": {
          "uv": [
            2.25,
            2.25,
            4.5,
            4.5
          ],
          "texture": "#0"
        },
        "up": {
          "uv": [
            2.25,
            6.75,
            0,
            4.5
          ],
          "texture": "#0"
        },
        "down": {
          "uv": [
            6.75,
            0,
            4.5,
            2.25
          ],
          "texture": "#0"
        }
      }
    },
    {
      "from": [
        3.25,
        0.25,
        3.8
      ],
      "to": [
        11.75,
        8.75,
        4.8
      ],
      "rotation": {
        "angle": 0,
        "axis": "y",
        "origin": [
          0,
          0,
          3.8
        ]
      },
      "faces": {
        "north": {
          "uv": [
            2.25,
            4.5,
            4.375,
            6.625
          ],
          "texture": "#0"
        },
        "east": {
          "uv": [
            0,
            9,
            0.25,
            11.125
          ],
          "texture": "#0"
        },
        "south": {
          "uv": [
            4.5,
            2.25,
            6.625,
            4.375
          ],
          "texture": "#0"
        },
        "west": {
          "uv": [
            9,
            0,
            9.25,
            2.125
          ],
          "texture": "#0"
        },
        "up": {
          "uv": [
            2.375,
            9.25,
            0.25,
            9
          ],
          "texture": "#0"
        },
        "down": {
          "uv": [
            11.125,
            2.25,
            9,
            2.5
          ],
          "texture": "#0"
        }
      }
    },
    {
      "from": [
        3.25,
        0.25,
        12.2
      ],
      "to": [
        11.75,
        8.75,
        13.2
      ],
      "rotation": {
        "angle": 0,
        "axis": "y",
        "origin": [
          0,
          0,
          12.2
        ]
      },
      "faces": {
        "north": {
          "uv": [
            4.5,
            4.5,
            6.625,
            6.625
          ],
          "texture": "#0"
        },
        "east": {
          "uv": [
            2.5,
            9,
            2.75,
            11.125
          ],
          "texture": "#0"
        },
        "south": {
          "uv": [
            0,
            6.75,
            2.125,
            8.875
          ],
          "texture": "#0"
        },
        "west": {
          "uv": [
            9,
            2.5,
            9.25,
            4.625
          ],
          "texture": "#0"
        },
        "up": {
          "uv": [
            4.875,
            9.25,
            2.75,
            9
          ],
          "texture": "#0"
        },
        "down": {
          "uv": [
            11.125,
            4.75,
            9,
            5
          ],
          "texture": "#0"
        }
      }
    },
    {
      "from": [
        2.75,
        0.25,
        4.2
      ],
      "to": [
        3.75,
        8.75,
        12.7
      ],
      "rotation": {
        "angle": 0,
        "axis": "y",
        "origin": [
          2.75,
          0,
          15.95
        ]
      },
      "faces": {
        "north": {
          "uv": [
            5,
            9,
            5.25,
            11.125
          ],
          "texture": "#0"
        },
        "east": {
          "uv": [
            6.75,
            0,
            8.875,
            2.125
          ],
          "texture": "#0"
        },
        "south": {
          "uv": [
            9,
            5,
            9.25,
            7.125
          ],
          "texture": "#0"
        },
        "west": {
          "uv": [
            2.25,
            6.75,
            4.375,
            8.875
          ],
          "texture": "#0"
        },
        "up": {
          "uv": [
            5.5,
            11.125,
            5.25,
            9
          ],
          "texture": "#0"
        },
        "down": {
          "uv": [
            5.75,
            9,
            5.5,
            11.125
          ],
          "texture": "#0"
        }
      }
    },
    {
      "from": [
        11.25,
        0.25,
        4.2
      ],
      "to": [
        12.25,
        8.75,
        12.7
      ],
      "rotation": {
        "angle": 0,
        "axis": "y",
        "origin": [
          11.25,
          0,
          15.95
        ]
      },
      "faces": {
        "north": {
          "uv": [
            5.75,
            9,
            6,
            11.125
          ],
          "texture": "#0"
        },
        "east": {
          "uv": [
            6.75,
            2.25,
            8.875,
            4.375
          ],
          "texture": "#0"
        },
        "south": {
          "uv": [
            6,
            9,
            6.25,
            11.125
          ],
          "texture": "#0"
        },
        "west": {
          "uv": [
            4.5,
            6.75,
            6.625,
            8.875
          ],
          "texture": "#0"
        },
        "up": {
          "uv": [
            6.5,
            11.125,
            6.25,
            9
          ],
          "texture": "#0"
        },
        "down": {
          "uv": [
            6.75,
            9,
            6.5,
            11.125
          ],
          "texture": "#0"
        }
      }
    },
    {
      "from": [
        3.25,
        8.25,
        4.2
      ],
      "to": [
        11.75,
        9.25,
        12.7
      ],
      "rotation": {
        "angle": 0,
        "axis": "z",
        "origin": [
          7.5,
          8.75,
          8.45
        ]
      },
      "faces": {
        "north": {
          "uv": [
            6.75,
            9,
            8.875,
            9.25
          ],
          "texture": "#0"
        },
        "east": {
          "uv": [
            9,
            7.25,
            11.125,
            7.5
          ],
          "texture": "#0"
        },
        "south": {
          "uv": [
            9,
            7.5,
            11.125,
            7.75
          ],
          "texture": "#0"
        },
        "west": {
          "uv": [
            9,
            7.75,
            11.125,
            8
          ],
          "texture": "#0"
        },
        "up": {
          "uv": [
            8.875,
            6.625,
            6.75,
            4.5
          ],
          "texture": "#0"
        },
        "down": {
          "uv": [
            8.875,
            6.75,
            6.75,
            8.875
          ],
          "texture": "#0"
        }
      }
    }
  ],
  "gui_light": "front",
  "display": {
    "thirdperson_righthand": {
      "rotation": [
        28.5,
        0,
        0
      ],
      "translation": [
        -3.5,
        3.75,
        0.5
      ],
      "scale": [
        0.5,
        0.5,
        0.5
      ]
    },
    "thirdperson_lefthand": {
      "rotation": [
        28.5,
        0,
        0
      ],
      "translation": [
        -3.5,
        3.75,
        0.5
      ],
      "scale": [
        0.5,
        0.5,
        0.5
      ]
    },
    "firstperson_righthand": {
      "translation": [
        8.25,
        4,
        0
      ],
      "scale": [
        0.63,
        0.89,
        0.8
      ]
    },
    "firstperson_lefthand": {
      "translation": [
        8.25,
        4,
        0
      ],
      "scale": [
        0.63,
        0.89,
        0.8
      ]
    },
    "ground": {
      "translation": [
        0,
        4.75,
        0
      ],
      "scale": [
        0.8,
        0.8,
        0.8
      ]
    },
    "gui": {
      "translation": [
        0.5,
        3.5,
        0
      ]
    },
    "head": {
      "translation": [
        0.75,
        5.5,
        -1
      ],
      "scale": [
        1.5,
        1.5,
        1.5
      ]
    },
    "fixed": {
      "translation": [
        0.5,
        3.25,
        0
      ]
    }
  }
}