{
  "credit": "Made with Blockbench",
  "texture_size": [
    32,
    32
  ],
  "elements": [
    {
      "from": [
        4,
        3,
        6.3
      ],
      "to": [
        12,
        3.3,
        7
      ],
      "rotation": {
        "angle": 0,
        "axis": "y",
        "origin": [
          10,
          3,
          6
        ]
      },
      "faces": {
        "north": {
          "uv": [
            7,
            7.5,
            11,
            7.625
          ],
          "texture": "#0"
        },
        "east": {
          "uv": [
            8.5,
            3,
            8.875,
            3.125
          ],
          "texture": "#0"
        },
        "south": {
          "uv": [
            0,
            8,
            4,
            8.125
          ],
          "texture": "#0"
        },
        "west": {
          "uv": [
            3.5,
            8.5,
            3.875,
            8.625
          ],
          "texture": "#0"
        },
        "up": {
          "uv": [
            4,
            6.875,
            0,
            6.5
          ],
          "texture": "#0"
        },
        "down": {
          "uv": [
            8,
            6.5,
            4,
            6.875
          ],
          "texture": "#0"
        }
      }
    },
    {
      "from": [
        4,
        3,
        8
      ],
      "to": [
        12,
        3.3,
        8.7
      ],
      "rotation": {
        "angle": 0,
        "axis": "y",
        "origin": [
          10,
          3,
          7.7
        ]
      },
      "faces": {
        "north": {
          "uv": [
            8,
            0,
            12,
            0.125
          ],
          "texture": "#0"
        },
        "east": {
          "uv": [
            8.5,
            3.5,
            8.875,
            3.625
          ],
          "texture": "#0"
        },
        "south": {
          "uv": [
            8,
            0.5,
            12,
            0.625
          ],
          "texture": "#0"
        },
        "west": {
          "uv": [
            5.5,
            8.5,
            5.875,
            8.625
          ],
          "texture": "#0"
        },
        "up": {
          "uv": [
            4,
            7.375,
            0,
            7
          ],
          "texture": "#0"
        },
        "down": {
          "uv": [
            8,
            7,
            4,
            7.375
          ],
          "texture": "#0"
        }
      }
    },
    {
      "from": [
        4,
        1,
        6
      ],
      "to": [
        12,
        3,
        7
      ],
      "rotation": {
        "angle": 0,
        "axis": "y",
        "origin": [
          10,
          1,
          6
        ]
      },
      "faces": {
        "north": {
          "uv": [
            0,
            2,
            4,
            3
          ],
          "texture": "#0"
        },
        "east": {
          "uv": [
            8,
            3,
            8.5,
            4
          ],
          "texture": "#0"
        },
        "south": {
          "uv": [
            0,
            3,
            4,
            4
          ],
          "texture": "#0"
        },
        "west": {
          "uv": [
            4,
            8,
            4.5,
            9
          ],
          "texture": "#0"
        },
        "up": {
          "uv": [
            8,
            4.5,
            4,
            4
          ],
          "texture": "#0"
        },
        "down": {
          "uv": [
            8,
            4.5,
            4,
            5
          ],
          "texture": "#0"
        }
      }
    },
    {
      "from": [
        3.75,
        1.6,
        6
      ],
      "to": [
        4,
        2.6,
        9
      ],
      "rotation": {
        "angle": 0,
        "axis": "y",
        "origin": [
          9,
          1.6,
          6
        ]
      },
      "faces": {
        "north": {
          "uv": [
            8,
            6.5,
            8.125,
            7
          ],
          "texture": "#0"
        },
        "east": {
          "uv": [
            0,
            7.5,
            1.5,
            8
          ],
          "texture": "#0"
        },
        "south": {
          "uv": [
            8,
            7,
            8.125,
            7.5
          ],
          "texture": "#0"
        },
        "west": {
          "uv": [
            1.5,
            7.5,
            3,
            8
          ],
          "texture": "#0"
        },
        "up": {
          "uv": [
            7.125,
            9.5,
            7,
            8
          ],
          "texture": "#0"
        },
        "down": {
          "uv": [
            7.625,
            8,
            7.5,
            9.5
          ],
          "texture": "#0"
        }
      }
    },
    {
      "from": [
        12,
        1.6,
        6
      ],
      "to": [
        12.25,
        2.6,
        9
      ],
      "rotation": {
        "angle": 0,
        "axis": "y",
        "origin": [
          17.25,
          1.6,
          6
        ]
      },
      "faces": {
        "north": {
          "uv": [
            0.5,
            8.5,
            0.625,
            9
          ],
          "texture": "#0"
        },
        "east": {
          "uv": [
            3,
            7.5,
            4.5,
            8
          ],
          "texture": "#0"
        },
        "south": {
          "uv": [
            1,
            8.5,
            1.125,
            9
          ],
          "texture": "#0"
        },
        "west": {
          "uv": [
            4.5,
            7.5,
            6,
            8
          ],
          "texture": "#0"
        },
        "up": {
          "uv": [
            8.125,
            9.5,
            8,
            8
          ],
          "texture": "#0"
        },
        "down": {
          "uv": [
            0.125,
            8.5,
            0,
            10
          ],
          "texture": "#0"
        }
      }
    },
    {
      "from": [
        4,
        1.6,
        5.8
      ],
      "to": [
        12,
        2.6,
        6
      ],
      "rotation": {
        "angle": 0,
        "axis": "y",
        "origin": [
          10,
          1.6,
          5
        ]
      },
      "faces": {
        "north": {
          "uv": [
            0,
            5,
            4,
            5.5
          ],
          "texture": "#0"
        },
        "east": {
          "uv": [
            1.5,
            8.5,
            1.625,
            9
          ],
          "texture": "#0"
        },
        "south": {
          "uv": [
            4,
            5,
            8,
            5.5
          ],
          "texture": "#0"
        },
        "west": {
          "uv": [
            2,
            8.5,
            2.125,
            9
          ],
          "texture": "#0"
        },
        "up": {
          "uv": [
            12,
            4.125,
            8,
            4
          ],
          "texture": "#0"
        },
        "down": {
          "uv": [
            12,
            4.5,
            8,
            4.625
          ],
          "texture": "#0"
        }
      }
    },
    {
      "from": [
        4,
        1.6,
        9
      ],
      "to": [
        12,
        2.6,
        9.2
      ],
      "rotation": {
        "angle": 0,
        "axis": "y",
        "origin": [
          10,
          1.6,
          8.2
        ]
      },
      "faces": {
        "north": {
          "uv": [
            0,
            5.5,
            4,
            6
          ],
          "texture": "#0"
        },
        "east": {
          "uv": [
            2.5,
            8.5,
            2.625,
            9
          ],
          "texture": "#0"
        },
        "south": {
          "uv": [
            4,
            5.5,
            8,
            6
          ],
          "texture": "#0"
        },
        "west": {
          "uv": [
            3,
            8.5,
            3.125,
            9
          ],
          "texture": "#0"
        },
        "up": {
          "uv": [
            12,
            5.125,
            8,
            5
          ],
          "texture": "#0"
        },
        "down": {
          "uv": [
            12,
            5.5,
            8,
            5.625
          ],
          "texture": "#0"
        }
      }
    },
    {
      "from": [
        4,
        0.75,
        7
      ],
      "to": [
        12,
        2,
        8
      ],
      "rotation": {
        "angle": 0,
        "axis": "y",
        "origin": [
          10,
          1,
          7
        ]
      },
      "faces": {
        "north": {
          "uv": [
            0,
            4,
            4,
            4.625
          ],
          "texture": "#0"
        },
        "east": {
          "uv": [
            4.5,
            8,
            5,
            8.625
          ],
          "texture": "#0"
        },
        "south": {
          "uv": [
            4,
            0,
            8,
            0.625
          ],
          "texture": "#0"
        },
        "west": {
          "uv": [
            5,
            8,
            5.5,
            8.625
          ],
          "texture": "#0"
        },
        "up": {
          "uv": [
            4,
            6.5,
            0,
            6
          ],
          "texture": "#0"
        },
        "down": {
          "uv": [
            8,
            6,
            4,
            6.5
          ],
          "texture": "#0"
        }
      }
    },
    {
      "from": [
        3,
        2,
        7
      ],
      "to": [
        13,
        3,
        8
      ],
      "rotation": {
        "angle": 0,
        "axis": "y",
        "origin": [
          10,
          2,
          7
        ]
      },
      "faces": {
        "north": {
          "uv": [
            4,
            1,
            9,
            1.5
          ],
          "texture": "#0"
        },
        "east": {
          "uv": [
            5.5,
            8,
            6,
            8.5
          ],
          "texture": "#0"
        },
        "south": {
          "uv": [
            4,
            1.5,
            9,
            2
          ],
          "texture": "#0"
        },
        "west": {
          "uv": [
            8,
            6,
            8.5,
            6.5
          ],
          "texture": "#0"
        },
        "up": {
          "uv": [
            9,
            2.5,
            4,
            2
          ],
          "texture": "#0"
        },
        "down": {
          "uv": [
            9,
            2.5,
            4,
            3
          ],
          "texture": "#0"
        }
      }
    },
    {
      "from": [
        4,
        1,
        8
      ],
      "to": [
        12,
        3,
        9
      ],
      "rotation": {
        "angle": 0,
        "axis": "y",
        "origin": [
          10,
          1,
          8
        ]
      },
      "faces": {
        "north": {
          "uv": [
            0,
            0,
            4,
            1
          ],
          "texture": "#0"
        },
        "east": {
          "uv": [
            6,
            7.5,
            6.5,
            8.5
          ],
          "texture": "#0"
        },
        "south": {
          "uv": [
            0,
            1,
            4,
            2
          ],
          "texture": "#0"
        },
        "west": {
          "uv": [
            6.5,
            7.5,
            7,
            8.5
          ],
          "texture": "#0"
        },
        "up": {
          "uv": [
            8,
            3.5,
            4,
            3
          ],
          "texture": "#0"
        },
        "down": {
          "uv": [
            8,
            3.5,
            4,
            4
          ],
          "texture": "#0"
        }
      }
    }
  ],
  "display": {
    "thirdperson_righthand": {
      "rotation": [
        93,
        65,
        14
      ],
      "translation": [
        0,
        1.5,
        7.75
      ]
    },
    "thirdperson_lefthand": {
      "rotation": [
        93,
        65,
        14
      ],
      "translation": [
        0,
        1.5,
        7.75
      ]
    },
    "firstperson_righthand": {
      "rotation": [
        0,
        -18,
        0
      ],
      "translation": [
        5.25,
        5,
        0
      ]
    },
    "firstperson_lefthand": {
      "rotation": [
        0,
        -25,
        0
      ],
      "translation": [
        4,
        5,
        0
      ]
    },
    "ground": {
      "translation": [
        0,
        6,
        0
      ]
    },
    "gui": {
      "rotation": [
        68.02,
        -39.63,
        -14.43
      ],
      "translation": [
        1,
        0.75,
        0
      ]
    },
    "head": {
      "rotation": [
        157.57,
        87.96,
        -137.35
      ],
      "translation": [
        0,
        12,
        -6.5
      ]
    },
    "fixed": {
      "translation": [
        0,
        4.5,
        0
      ]
    }
  }
}