{
  "credit": "Made with Blockbench",
  "texture_size": [
    32,
    32
  ],
  "elements": [
    {
      "from": [
        7.5,
        4,
        7.5
      ],
      "to": [
        8.5,
        12,
        8.5
      ],
      "rotation": {
        "angle": 0,
        "axis": "y",
        "origin": [
          7.5,
          7,
          7.5
        ]
      },
      "faces": {
        "north": {
          "uv": [
            1.5,
            10,
            2,
            14
          ],
          "texture": "#0"
        },
        "east": {
          "uv": [
            2,
            10,
            2.5,
            14
          ],
          "texture": "#0"
        },
        "south": {
          "uv": [
            2.5,
            10,
            3,
            14
          ],
          "texture": "#0"
        },
        "west": {
          "uv": [
            3,
            10,
            3.5,
            14
          ],
          "texture": "#0"
        },
        "up": {
          "uv": [
            9.5,
            5,
            9,
            4.5
          ],
          "texture": "#0"
        },
        "down": {
          "uv": [
            10,
            4.5,
            9.5,
            5
          ],
          "texture": "#0"
        }
      }
    },
    {
      "from": [
        7,
        0,
        7
      ],
      "to": [
        9,
        2,
        9
      ],
      "rotation": {
        "angle": 0,
        "axis": "y",
        "origin": [
          7,
          0,
          7
        ]
      },
      "faces": {
        "north": {
          "uv": [
            12,
            8.5,
            13,
            9.5
          ],
          "texture": "#0"
        },
        "east": {
          "uv": [
            10.5,
            12,
            11.5,
            13
          ],
          "texture": "#0"
        },
        "south": {
          "uv": [
            12,
            10.5,
            13,
            11.5
          ],
          "texture": "#0"
        },
        "west": {
          "uv": [
            11.5,
            12,
            12.5,
            13
          ],
          "texture": "#0"
        },
        "up": {
          "uv": [
            4.5,
            13.5,
            3.5,
            12.5
          ],
          "texture": "#0"
        },
        "down": {
          "uv": [
            5.5,
            12.5,
            4.5,
            13.5
          ],
          "texture": "#0"
        }
      }
    },
    {
      "from": [
        7.25,
        11.25,
        7.25
      ],
      "to": [
        8.75,
        13.25,
        8.75
      ],
      "rotation": {
        "angle": 0,
        "axis": "y",
        "origin": [
          7,
          11.25,
          7
        ]
      },
      "faces": {
        "north": {
          "uv": [
            3.5,
            13.5,
            4.25,
            14.5
          ],
          "texture": "#0"
        },
        "east": {
          "uv": [
            4.5,
            13.5,
            5.25,
            14.5
          ],
          "texture": "#0"
        },
        "south": {
          "uv": [
            5.5,
            13.5,
            6.25,
            14.5
          ],
          "texture": "#0"
        },
        "west": {
          "uv": [
            13.5,
            6,
            14.25,
            7
          ],
          "texture": "#0"
        },
        "up": {
          "uv": [
            10.25,
            14.25,
            9.5,
            13.5
          ],
          "texture": "#0"
        },
        "down": {
          "uv": [
            14.25,
            9.5,
            13.5,
            10.25
          ],
          "texture": "#0"
        }
      }
    },
    {
      "from": [
        -3.75,
        28.5,
        7.25
      ],
      "to": [
        7,
        30,
        8.75
      ],
      "rotation": {
        "angle": 0,
        "axis": "y",
        "origin": [
          7,
          28.25,
          7
        ]
      },
      "faces": {
        "north": {
          "uv": [
            6.5,
            5,
            11.875,
            5.75
          ],
          "texture": "#0"
        },
        "east": {
          "uv": [
            13.5,
            12.5,
            14.25,
            13.25
          ],
          "texture": "#0"
        },
        "south": {
          "uv": [
            6.5,
            6,
            11.875,
            6.75
          ],
          "texture": "#0"
        },
        "west": {
          "uv": [
            13.5,
            13.5,
            14.25,
            14.25
          ],
          "texture": "#0"
        },
        "up": {
          "uv": [
            11.875,
            7.75,
            6.5,
            7
          ],
          "texture": "#0"
        },
        "down": {
          "uv": [
            5.375,
            8,
            0,
            8.75
          ],
          "texture": "#0"
        }
      }
    },
    {
      "from": [
        9.25,
        28.5,
        7.25
      ],
      "to": [
        20,
        30,
        8.75
      ],
      "rotation": {
        "angle": 0,
        "axis": "y",
        "origin": [
          20,
          28.25,
          7
        ]
      },
      "faces": {
        "north": {
          "uv": [
            0,
            9,
            5.375,
            9.75
          ],
          "texture": "#0"
        },
        "east": {
          "uv": [
            14,
            8,
            14.75,
            8.75
          ],
          "texture": "#0"
        },
        "south": {
          "uv": [
            9,
            0,
            14.375,
            0.75
          ],
          "texture": "#0"
        },
        "west": {
          "uv": [
            10.5,
            14,
            11.25,
            14.75
          ],
          "texture": "#0"
        },
        "up": {
          "uv": [
            14.375,
            1.75,
            9,
            1
          ],
          "texture": "#0"
        },
        "down": {
          "uv": [
            14.375,
            2,
            9,
            2.75
          ],
          "texture": "#0"
        }
      }
    },
    {
      "from": [
        9.25,
        27.5,
        8
      ],
      "to": [
        24,
        31,
        8
      ],
      "rotation": {
        "angle": 0,
        "axis": "y",
        "origin": [
          20,
          30.25,
          7
        ]
      },
      "faces": {
        "north": {
          "uv": [
            0,
            0,
            6.375,
            1.75
          ],
          "texture": "#0"
        },
        "east": {
          "uv": [
            0,
            0,
            0,
            1.75
          ],
          "texture": "#0"
        },
        "south": {
          "uv": [
            0,
            2,
            6.375,
            3.75
          ],
          "texture": "#0"
        },
        "west": {
          "uv": [
            0,
            0,
            0,
            1.75
          ],
          "texture": "#0"
        },
        "up": {
          "uv": [
            6.375,
            0,
            0,
            0
          ],
          "texture": "#0"
        },
        "down": {
          "uv": [
            6.375,
            0,
            0,
            0
          ],
          "texture": "#0"
        }
      }
    },
    {
      "from": [
        -7.8,
        27.5,
        8
      ],
      "to": [
        6.95,
        31,
        8
      ],
      "rotation": {
        "angle": 0,
        "axis": "y",
        "origin": [
          -3.8,
          30.25,
          9
        ]
      },
      "faces": {
        "north": {
          "uv": [
            0,
            2,
            6.375,
            3.75
          ],
          "texture": "#0"
        },
        "east": {
          "uv": [
            0,
            0,
            0,
            1.75
          ],
          "texture": "#0"
        },
        "south": {
          "uv": [
            0,
            0,
            6.375,
            1.75
          ],
          "texture": "#0"
        },
        "west": {
          "uv": [
            0,
            0,
            0,
            1.75
          ],
          "texture": "#0"
        },
        "up": {
          "uv": [
            6.375,
            0,
            0,
            0
          ],
          "rotation": 180,
          "texture": "#0"
        },
        "down": {
          "uv": [
            6.375,
            0,
            0,
            0
          ],
          "rotation": 180,
          "texture": "#0"
        }
      }
    },
    {
      "from": [
        -5.75,
        27.5,
        8
      ],
      "to": [
        8,
        31,
        8
      ],
      "rotation": {
        "angle": 0,
        "axis": "y",
        "origin": [
          6,
          30.25,
          7
        ]
      },
      "faces": {
        "north": {
          "uv": [
            0,
            4,
            6.375,
            5.75
          ],
          "texture": "#0"
        },
        "east": {
          "uv": [
            0,
            0,
            0,
            1.75
          ],
          "texture": "#0"
        },
        "south": {
          "uv": [
            0,
            6,
            6.375,
            7.75
          ],
          "texture": "#0"
        },
        "west": {
          "uv": [
            0,
            0,
            0,
            1.75
          ],
          "texture": "#0"
        },
        "up": {
          "uv": [
            6.375,
            0,
            0,
            0
          ],
          "texture": "#0"
        },
        "down": {
          "uv": [
            6.375,
            0,
            0,
            0
          ],
          "texture": "#0"
        }
      }
    },
    {
      "from": [
        7.25,
        15.25,
        7.25
      ],
      "to": [
        8.75,
        26,
        8.75
      ],
      "rotation": {
        "angle": 0,
        "axis": "y",
        "origin": [
          7,
          15.25,
          7
        ]
      },
      "faces": {
        "north": {
          "uv": [
            5.5,
            8,
            6.25,
            13.375
          ],
          "texture": "#0"
        },
        "east": {
          "uv": [
            6.5,
            8,
            7.25,
            13.375
          ],
          "texture": "#0"
        },
        "south": {
          "uv": [
            7.5,
            8,
            8.25,
            13.375
          ],
          "texture": "#0"
        },
        "west": {
          "uv": [
            8.5,
            8,
            9.25,
            13.375
          ],
          "texture": "#0"
        },
        "up": {
          "uv": [
            14.75,
            4.75,
            14,
            4
          ],
          "texture": "#0"
        },
        "down": {
          "uv": [
            14.75,
            5,
            14,
            5.75
          ],
          "texture": "#0"
        }
      }
    },
    {
      "from": [
        7,
        13.25,
        7
      ],
      "to": [
        9,
        15.25,
        9
      ],
      "rotation": {
        "angle": 0,
        "axis": "y",
        "origin": [
          7,
          13.25,
          7
        ]
      },
      "faces": {
        "north": {
          "uv": [
            9.5,
            12.5,
            10.5,
            13.5
          ],
          "texture": "#0"
        },
        "east": {
          "uv": [
            12.5,
            9.5,
            13.5,
            10.5
          ],
          "texture": "#0"
        },
        "south": {
          "uv": [
            12.5,
            11.5,
            13.5,
            12.5
          ],
          "texture": "#0"
        },
        "west": {
          "uv": [
            12.5,
            12.5,
            13.5,
            13.5
          ],
          "texture": "#0"
        },
        "up": {
          "uv": [
            1,
            14,
            0,
            13
          ],
          "texture": "#0"
        },
        "down": {
          "uv": [
            14,
            3,
            13,
            4
          ],
          "texture": "#0"
        }
      }
    },
    {
      "from": [
        7,
        25.25,
        7
      ],
      "to": [
        9,
        27.25,
        9
      ],
      "rotation": {
        "angle": 0,
        "axis": "y",
        "origin": [
          7,
          25.25,
          7
        ]
      },
      "faces": {
        "north": {
          "uv": [
            13,
            4,
            14,
            5
          ],
          "texture": "#0"
        },
        "east": {
          "uv": [
            13,
            5,
            14,
            6
          ],
          "texture": "#0"
        },
        "south": {
          "uv": [
            13,
            8.5,
            14,
            9.5
          ],
          "texture": "#0"
        },
        "west": {
          "uv": [
            10.5,
            13,
            11.5,
            14
          ],
          "texture": "#0"
        },
        "up": {
          "uv": [
            14,
            11.5,
            13,
            10.5
          ],
          "texture": "#0"
        },
        "down": {
          "uv": [
            12.5,
            13,
            11.5,
            14
          ],
          "texture": "#0"
        }
      }
    },
    {
      "from": [
        7.3,
        28.25,
        9.8
      ],
      "to": [
        8.7,
        29.75,
        9.8
      ],
      "rotation": {
        "angle": 0,
        "axis": "y",
        "origin": [
          7.7,
          25.25,
          9.8
        ]
      },
      "faces": {
        "north": {
          "uv": [
            0,
            14,
            0.75,
            14.75
          ],
          "texture": "#0"
        },
        "east": {
          "uv": [
            0,
            0,
            0,
            0.75
          ],
          "texture": "#0"
        },
        "south": {
          "uv": [
            1,
            14,
            1.75,
            14.75
          ],
          "texture": "#0"
        },
        "west": {
          "uv": [
            0,
            0,
            0,
            0.75
          ],
          "texture": "#0"
        },
        "up": {
          "uv": [
            0.75,
            0,
            0,
            0
          ],
          "texture": "#0"
        },
        "down": {
          "uv": [
            0.75,
            0,
            0,
            0
          ],
          "texture": "#0"
        }
      }
    },
    {
      "from": [
        7.3,
        28.25,
        6.05
      ],
      "to": [
        8.7,
        29.75,
        6.05
      ],
      "rotation": {
        "angle": 0,
        "axis": "y",
        "origin": [
          7.7,
          25.25,
          6.05
        ]
      },
      "faces": {
        "north": {
          "uv": [
            2,
            14,
            2.75,
            14.75
          ],
          "texture": "#0"
        },
        "east": {
          "uv": [
            0,
            0,
            0,
            0.75
          ],
          "texture": "#0"
        },
        "south": {
          "uv": [
            14,
            3,
            14.75,
            3.75
          ],
          "texture": "#0"
        },
        "west": {
          "uv": [
            0,
            0,
            0,
            0.75
          ],
          "texture": "#0"
        },
        "up": {
          "uv": [
            0.75,
            0,
            0,
            0
          ],
          "texture": "#0"
        },
        "down": {
          "uv": [
            0.75,
            0,
            0,
            0
          ],
          "texture": "#0"
        }
      }
    },
    {
      "from": [
        5.6,
        28.25,
        6.5
      ],
      "to": [
        8.6,
        31.25,
        8.5
      ],
      "rotation": {
        "angle": -45,
        "axis": "z",
        "origin": [
          6.6,
          28.25,
          6.5
        ]
      },
      "faces": {
        "north": {
          "uv": [
            9,
            3,
            10.5,
            4.5
          ],
          "texture": "#0"
        },
        "east": {
          "uv": [
            11,
            8,
            12,
            9.5
          ],
          "texture": "#0"
        },
        "south": {
          "uv": [
            9.5,
            8,
            11,
            9.5
          ],
          "texture": "#0"
        },
        "west": {
          "uv": [
            9.5,
            11,
            10.5,
            12.5
          ],
          "texture": "#0"
        },
        "up": {
          "uv": [
            12.5,
            10.5,
            11,
            9.5
          ],
          "texture": "#0"
        },
        "down": {
          "uv": [
            12,
            11,
            10.5,
            12
          ],
          "texture": "#0"
        }
      }
    },
    {
      "from": [
        7.7,
        27.55,
        7.5
      ],
      "to": [
        10.7,
        30.55,
        9.5
      ],
      "rotation": {
        "angle": 45,
        "axis": "z",
        "origin": [
          8.7,
          27.55,
          7.5
        ]
      },
      "faces": {
        "north": {
          "uv": [
            9.5,
            9.5,
            11,
            11
          ],
          "texture": "#0"
        },
        "east": {
          "uv": [
            0,
            11.5,
            1,
            13
          ],
          "texture": "#0"
        },
        "south": {
          "uv": [
            0,
            10,
            1.5,
            11.5
          ],
          "texture": "#0"
        },
        "west": {
          "uv": [
            12,
            5,
            13,
            6.5
          ],
          "texture": "#0"
        },
        "up": {
          "uv": [
            13.5,
            7.5,
            12,
            6.5
          ],
          "texture": "#0"
        },
        "down": {
          "uv": [
            13.5,
            7.5,
            12,
            8.5
          ],
          "texture": "#0"
        }
      }
    },
    {
      "from": [
        5.15,
        26.75,
        7.1
      ],
      "to": [
        9.65,
        31.25,
        8.9
      ],
      "rotation": {
        "angle": -45,
        "axis": "z",
        "origin": [
          7.65,
          28.25,
          7
        ]
      },
      "faces": {
        "north": {
          "uv": [
            6.5,
            0,
            8.75,
            2.25
          ],
          "texture": "#0"
        },
        "east": {
          "uv": [
            3.5,
            10,
            4.375,
            12.25
          ],
          "texture": "#0"
        },
        "south": {
          "uv": [
            6.5,
            2.5,
            8.75,
            4.75
          ],
          "texture": "#0"
        },
        "west": {
          "uv": [
            4.5,
            10,
            5.375,
            12.25
          ],
          "texture": "#0"
        },
        "up": {
          "uv": [
            12.75,
            3.875,
            10.5,
            3
          ],
          "texture": "#0"
        },
        "down": {
          "uv": [
            12.75,
            4,
            10.5,
            4.875
          ],
          "texture": "#0"
        }
      }
    },
    {
      "from": [
        7.25,
        2,
        7.25
      ],
      "to": [
        8.75,
        4,
        8.75
      ],
      "rotation": {
        "angle": 0,
        "axis": "y",
        "origin": [
          7,
          2,
          7
        ]
      },
      "faces": {
        "north": {
          "uv": [
            6.5,
            13.5,
            7.25,
            14.5
          ],
          "texture": "#0"
        },
        "east": {
          "uv": [
            13.5,
            7,
            14.25,
            8
          ],
          "texture": "#0"
        },
        "south": {
          "uv": [
            7.5,
            13.5,
            8.25,
            14.5
          ],
          "texture": "#0"
        },
        "west": {
          "uv": [
            8.5,
            13.5,
            9.25,
            14.5
          ],
          "texture": "#0"
        },
        "up": {
          "uv": [
            14.25,
            12.25,
            13.5,
            11.5
          ],
          "texture": "#0"
        },
        "down": {
          "uv": [
            13.25,
            13.5,
            12.5,
            14.25
          ],
          "texture": "#0"
        }
      }
    }
  ],
  "gui_light": "front",
  "display": {
    "thirdperson_righthand": {
      "rotation": [
        40,
        80,
        -30
      ],
      "translation": [
        0,
        -1.75,
        1.25
      ]
    },
    "thirdperson_lefthand": {
      "rotation": [
        40,
        80,
        -30
      ],
      "translation": [
        0,
        -1.75,
        1.25
      ]
    },
    "firstperson_righthand": {
      "rotation": [
        180,
        -85,
        180
      ],
      "translation": [
        4.5,
        -10,
        0.5
      ]
    },
    "firstperson_lefthand": {
      "rotation": [
        180,
        85,
        180
      ],
      "translation": [
        4.5,
        -10,
        0.5
      ]
    },
    "ground": {
      "translation": [
        0,
        5.5,
        0
      ]
    },
    "gui": {
      "rotation": [
        0,
        0,
        -40.75
      ],
      "translation": [
        -5.5,
        -5.25,
        0
      ],
      "scale": [
        0.6,
        0.6,
        0.6
      ]
    },
    "head": {
      "rotation": [
        0,
        0,
        133.25
      ],
      "translation": [
        8.25,
        -6.75,
        4.75
      ]
    },
    "fixed": {
      "translation": [
        0,
        -5.75,
        -1.25
      ]
    }
  }
}