{
  "credit": "Made with Blockbench",
  "texture_size": [
    32,
    32
  ],
  "elements": [
    {
      "from": [
        6.65,
        0.6,
        6.75
      ],
      "to": [
        9.15,
        3,
        9.25
      ],
      "rotation": {
        "angle": 0,
        "axis": "y",
        "origin": [
          6.9,
          1,
          7
        ]
      },
      "faces": {
        "north": {
          "uv": [
            2,
            7.5,
            3.25,
            8.75
          ],
          "texture": "#0"
        },
        "east": {
          "uv": [
            8,
            0,
            9.25,
            1.25
          ],
          "texture": "#0"
        },
        "south": {
          "uv": [
            8,
            1.5,
            9.25,
            2.75
          ],
          "texture": "#0"
        },
        "west": {
          "uv": [
            8,
            3,
            9.25,
            4.25
          ],
          "texture": "#0"
        },
        "up": {
          "uv": [
            8.25,
            9.25,
            7,
            8
          ],
          "texture": "#0"
        },
        "down": {
          "uv": [
            1.25,
            8.5,
            0,
            9.75
          ],
          "texture": "#0"
        }
      }
    },
    {
      "from": [
        6.65,
        8.6,
        6.75
      ],
      "to": [
        9.15,
        11,
        9.25
      ],
      "rotation": {
        "angle": 0,
        "axis": "y",
        "origin": [
          6.9,
          9,
          7
        ]
      },
      "faces": {
        "north": {
          "uv": [
            8.5,
            8,
            9.75,
            9.25
          ],
          "texture": "#0"
        },
        "east": {
          "uv": [
            1.5,
            9,
            2.75,
            10.25
          ],
          "texture": "#0"
        },
        "south": {
          "uv": [
            3,
            9,
            4.25,
            10.25
          ],
          "texture": "#0"
        },
        "west": {
          "uv": [
            4.5,
            9,
            5.75,
            10.25
          ],
          "texture": "#0"
        },
        "up": {
          "uv": [
            10.25,
            5.75,
            9,
            4.5
          ],
          "texture": "#0"
        },
        "down": {
          "uv": [
            10.25,
            6,
            9,
            7.25
          ],
          "texture": "#0"
        }
      }
    },
    {
      "from": [
        6.9,
        3,
        7
      ],
      "to": [
        8.9,
        8.6,
        9
      ],
      "rotation": {
        "angle": 0,
        "axis": "y",
        "origin": [
          6.9,
          3,
          7
        ]
      },
      "faces": {
        "north": {
          "uv": [
            6,
            0,
            7,
            2.75
          ],
          "texture": "#0"
        },
        "east": {
          "uv": [
            6,
            3,
            7,
            5.75
          ],
          "texture": "#0"
        },
        "south": {
          "uv": [
            6,
            6,
            7,
            8.75
          ],
          "texture": "#0"
        },
        "west": {
          "uv": [
            7,
            0,
            8,
            2.75
          ],
          "texture": "#0"
        },
        "up": {
          "uv": [
            11.5,
            6.5,
            10.5,
            5.5
          ],
          "texture": "#0"
        },
        "down": {
          "uv": [
            7,
            10.5,
            6,
            11.5
          ],
          "texture": "#0"
        }
      }
    },
    {
      "from": [
        7.2,
        9.3,
        7.25
      ],
      "to": [
        8.7,
        24,
        8.75
      ],
      "rotation": {
        "angle": 0,
        "axis": "y",
        "origin": [
          7.2,
          9.3,
          7
        ]
      },
      "faces": {
        "north": {
          "uv": [
            0,
            0,
            0.75,
            7.25
          ],
          "texture": "#0"
        },
        "east": {
          "uv": [
            1,
            0,
            1.75,
            7.25
          ],
          "texture": "#0"
        },
        "south": {
          "uv": [
            2,
            0,
            2.75,
            7.25
          ],
          "texture": "#0"
        },
        "west": {
          "uv": [
            3,
            0,
            3.75,
            7.25
          ],
          "texture": "#0"
        },
        "up": {
          "uv": [
            8.75,
            12.25,
            8,
            11.5
          ],
          "texture": "#0"
        },
        "down": {
          "uv": [
            9.75,
            11.5,
            9,
            12.25
          ],
          "texture": "#0"
        }
      }
    },
    {
      "from": [
        7.22,
        22.22803,
        6.25555
      ],
      "to": [
        8.62,
        25.77803,
        9.75555
      ],
      "rotation": {
        "angle": -45,
        "axis": "x",
        "origin": [
          7.9,
          24.00303,
          8.00555
        ]
      },
      "faces": {
        "north": {
          "uv": [
            10,
            7.5,
            10.75,
            9.25
          ],
          "texture": "#0"
        },
        "east": {
          "uv": [
            4,
            0,
            5.75,
            1.75
          ],
          "texture": "#0"
        },
        "south": {
          "uv": [
            10,
            9.5,
            10.75,
            11.25
          ],
          "texture": "#0"
        },
        "west": {
          "uv": [
            4,
            2,
            5.75,
            3.75
          ],
          "texture": "#0"
        },
        "up": {
          "uv": [
            1.75,
            12.25,
            1,
            10.5
          ],
          "texture": "#0"
        },
        "down": {
          "uv": [
            2.75,
            10.5,
            2,
            12.25
          ],
          "texture": "#0"
        }
      }
    },
    {
      "from": [
        7,
        23,
        6
      ],
      "to": [
        8.9,
        26,
        10
      ],
      "rotation": {
        "angle": 0,
        "axis": "y",
        "origin": [
          6.9,
          22,
          6
        ]
      },
      "faces": {
        "north": {
          "uv": [
            5,
            7,
            6,
            8.5
          ],
          "texture": "#0"
        },
        "east": {
          "uv": [
            4,
            4,
            6,
            5.5
          ],
          "texture": "#0"
        },
        "south": {
          "uv": [
            6,
            9,
            7,
            10.5
          ],
          "texture": "#0"
        },
        "west": {
          "uv": [
            4,
            5.5,
            6,
            7
          ],
          "texture": "#0"
        },
        "up": {
          "uv": [
            8,
            5,
            7,
            3
          ],
          "texture": "#0"
        },
        "down": {
          "uv": [
            5,
            7,
            4,
            9
          ],
          "texture": "#0"
        }
      }
    },
    {
      "from": [
        7.1,
        23.5,
        10
      ],
      "to": [
        8.8,
        25.5,
        13
      ],
      "rotation": {
        "angle": 0,
        "axis": "y",
        "origin": [
          6.9,
          22.5,
          9
        ]
      },
      "faces": {
        "north": {
          "uv": [
            10.5,
            6.5,
            11.25,
            7.5
          ],
          "texture": "#0"
        },
        "east": {
          "uv": [
            9.5,
            0,
            11,
            1
          ],
          "texture": "#0"
        },
        "south": {
          "uv": [
            11,
            0,
            11.75,
            1
          ],
          "texture": "#0"
        },
        "west": {
          "uv": [
            9.5,
            1,
            11,
            2
          ],
          "texture": "#0"
        },
        "up": {
          "uv": [
            3.75,
            12,
            3,
            10.5
          ],
          "texture": "#0"
        },
        "down": {
          "uv": [
            4.75,
            10.5,
            4,
            12
          ],
          "texture": "#0"
        }
      }
    },
    {
      "from": [
        7.1,
        23.5,
        3
      ],
      "to": [
        8.8,
        25.5,
        6
      ],
      "rotation": {
        "angle": 0,
        "axis": "y",
        "origin": [
          6.9,
          22.5,
          2
        ]
      },
      "faces": {
        "north": {
          "uv": [
            11,
            1,
            11.75,
            2
          ],
          "texture": "#0"
        },
        "east": {
          "uv": [
            9.5,
            2,
            11,
            3
          ],
          "texture": "#0"
        },
        "south": {
          "uv": [
            11,
            2,
            11.75,
            3
          ],
          "texture": "#0"
        },
        "west": {
          "uv": [
            9.5,
            3,
            11,
            4
          ],
          "texture": "#0"
        },
        "up": {
          "uv": [
            11.25,
            5.5,
            10.5,
            4
          ],
          "texture": "#0"
        },
        "down": {
          "uv": [
            5.75,
            10.5,
            5,
            12
          ],
          "texture": "#0"
        }
      }
    },
    {
      "from": [
        7.2,
        22,
        0.7
      ],
      "to": [
        8.7,
        23.8,
        4.7
      ],
      "rotation": {
        "angle": -22.5,
        "axis": "x",
        "origin": [
          6.9,
          20.9,
          -0.3
        ]
      },
      "faces": {
        "north": {
          "uv": [
            11,
            3,
            11.75,
            4
          ],
          "texture": "#0"
        },
        "east": {
          "uv": [
            7,
            5,
            9,
            6
          ],
          "texture": "#0"
        },
        "south": {
          "uv": [
            11,
            7.5,
            11.75,
            8.5
          ],
          "texture": "#0"
        },
        "west": {
          "uv": [
            7,
            6,
            9,
            7
          ],
          "texture": "#0"
        },
        "up": {
          "uv": [
            7.75,
            11.5,
            7,
            9.5
          ],
          "texture": "#0"
        },
        "down": {
          "uv": [
            8.75,
            9.5,
            8,
            11.5
          ],
          "texture": "#0"
        }
      }
    },
    {
      "from": [
        7.4,
        22.38335,
        -1.85092
      ],
      "to": [
        8.5,
        23.48335,
        0.44908
      ],
      "rotation": {
        "angle": -45,
        "axis": "x",
        "origin": [
          7.9,
          22.93335,
          -0.35092
        ]
      },
      "faces": {
        "north": {
          "uv": [
            8,
            4.5,
            8.5,
            5
          ],
          "texture": "#0"
        },
        "east": {
          "uv": [
            11,
            10.5,
            12.25,
            11
          ],
          "texture": "#0"
        },
        "south": {
          "uv": [
            1.5,
            8.5,
            2,
            9
          ],
          "texture": "#0"
        },
        "west": {
          "uv": [
            11,
            11,
            12.25,
            11.5
          ],
          "texture": "#0"
        },
        "up": {
          "uv": [
            4,
            8.75,
            3.5,
            7.5
          ],
          "texture": "#0"
        },
        "down": {
          "uv": [
            12,
            4,
            11.5,
            5.25
          ],
          "texture": "#0"
        }
      }
    },
    {
      "from": [
        7.4,
        21.68335,
        15.74908
      ],
      "to": [
        8.5,
        22.78335,
        18.04908
      ],
      "rotation": {
        "angle": 45,
        "axis": "x",
        "origin": [
          7.9,
          22.23335,
          17.24908
        ]
      },
      "faces": {
        "north": {
          "uv": [
            8.5,
            4.5,
            9,
            5
          ],
          "texture": "#0"
        },
        "east": {
          "uv": [
            11.5,
            5.5,
            12.75,
            6
          ],
          "texture": "#0"
        },
        "south": {
          "uv": [
            5,
            8.5,
            5.5,
            9
          ],
          "texture": "#0"
        },
        "west": {
          "uv": [
            6,
            11.5,
            7.25,
            12
          ],
          "texture": "#0"
        },
        "up": {
          "uv": [
            12,
            7.25,
            11.5,
            6
          ],
          "texture": "#0"
        },
        "down": {
          "uv": [
            8,
            11.5,
            7.5,
            12.75
          ],
          "texture": "#0"
        }
      }
    },
    {
      "from": [
        7.2,
        24.2,
        12
      ],
      "to": [
        8.7,
        26,
        16
      ],
      "rotation": {
        "angle": 22.5,
        "axis": "x",
        "origin": [
          6.9,
          23.1,
          11
        ]
      },
      "faces": {
        "north": {
          "uv": [
            11,
            8.5,
            11.75,
            9.5
          ],
          "texture": "#0"
        },
        "east": {
          "uv": [
            7,
            7,
            9,
            8
          ],
          "texture": "#0"
        },
        "south": {
          "uv": [
            11,
            9.5,
            11.75,
            10.5
          ],
          "texture": "#0"
        },
        "west": {
          "uv": [
            0,
            7.5,
            2,
            8.5
          ],
          "texture": "#0"
        },
        "up": {
          "uv": [
            9.75,
            11.5,
            9,
            9.5
          ],
          "texture": "#0"
        },
        "down": {
          "uv": [
            0.75,
            10,
            0,
            12
          ],
          "texture": "#0"
        }
      }
    }
  ],
  "gui_light": "front",
  "display": {
    "thirdperson_righthand": {
      "translation": [
        0.25,
        -0.25,
        2
      ],
      "scale": [
        0.7,
        0.7,
        0.7
      ]
    },
    "thirdperson_lefthand": {
      "translation": [
        0,
        -0.5,
        1.25
      ],
      "scale": [
        0.7,
        0.7,
        0.7
      ]
    },
    "firstperson_righthand": {
      "rotation": [
        4.5,
        0,
        0
      ],
      "translation": [
        6,
        -2,
        0
      ],
      "scale": [
        0.7,
        0.7,
        0.7
      ]
    },
    "firstperson_lefthand": {
      "rotation": [
        4.5,
        0,
        0
      ],
      "translation": [
        6,
        -2,
        0
      ],
      "scale": [
        0.7,
        0.7,
        0.7
      ]
    },
    "ground": {
      "translation": [
        0,
        6,
        0
      ]
    },
    "gui": {
      "rotation": [
        -86.65,
        -46.22,
        -98.87
      ],
      "translation": [
        -4,
        -4,
        0
      ],
      "scale": [
        0.7,
        0.7,
        0.7
      ]
    },
    "fixed": {
      "rotation": [
        93.63,
        -51.68,
        92.84
      ],
      "translation": [
        5.25,
        -5.5,
        -0.75
      ]
    }
  },
  "groups": [
    0,
    1,
    2,
    3,
    4,
    {
      "name": "group",
      "origin": [
        5.2,
        8.3,
        7
      ],
      "color": 0,
      "children": []
    },
    5,
    6,
    7,
    8,
    9,
    10,
    11
  ]
}