{
  "parent": "armourers_workshop:item/skin/unknown",
  "display": {
    "thirdperson_righthand": {
      "rotation": [
        0,
        30,
        0
      ],
      "translation": [
        0,
        2,
        2
      ],
      "scale": [
        1,
        1,
        1
      ]
    },
    "thirdperson_lefthand": {
      "rotation": [
        0,
        30,
        0
      ],
      "translation": [
        0,
        2,
        2
      ],
      "scale": [
        1,
        1,
        1
      ]
    },
    "firstperson_righthand": {
      "rotation": [
        25,
        0,
        0
      ],
      "translation": [
        -4,
        4,
        2
      ],
      "scale": [
        1,
        1,
        1
      ]
    },
    "firstperson_lefthand": {
      "rotation": [
        25,
        0,
        0
      ],
      "translation": [
        -4,
        4,
        2
      ],
      "scale": [
        1,
        1,
        1
      ]
    }
  },
  "overrides": [
    {
      "predicate": {
        "throwing": 1
      },
      "model": "armourers_workshop:item/skin/trident_throwing"
    }
  ]
}