{
  "_fv": 57,
  "_type": "item",
  "definition": {
    "renderType": 1,
    "texture": "cajitafeliz",
    "customModelName": "cajitafeliz:default",
    "customProperties": {},
    "states": [],
    "name": "cajita feliz",
    "rarity": "UNCOMMON",
    "creativeTab": {
      "value": "CUSTOM:GalaxyTab"
    },
    "stackSize": 64,
    "enchantability": 0,
    "useDuration": 32,
    "toolType": 1.0,
    "damageCount": 0,
    "recipeRemainder": {
      "value": ""
    },
    "destroyAnyBlock": false,
    "immuneToFire": false,
    "stayInGridWhenCrafting": false,
    "damageOnCrafting": false,
    "enableMeleeDamage": false,
    "damageVsEntity": 0.0,
    "specialInformation": {
      "fixedValue": [
        "Pense que era para nene"
      ]
    },
    "glowCondition": {
      "fixedValue": false
    },
    "guiBoundTo": "<NONE>",
    "inventorySize": 9,
    "inventoryStackSize": 64,
    "onFinishUsingItem": {
      "name": "SuperHappyCajitaFeliz"
    },
    "enableRanged": false,
    "shootConstantly": false,
    "projectile": {
      "value": "Arrow"
    },
    "isFood": true,
    "nutritionalValue": 12,
    "saturation": 151.0,
    "eatResultItem": {
      "value": ""
    },
    "isMeat": false,
    "isAlwaysEdible": false,
    "animation": "eat"
  }
}