{
  "_fv": 57,
  "_type": "recipe",
  "definition": {
    "recipeType": "Crafting",
    "recipeRetstackSize": 1,
    "group": "",
    "cookingBookCategory": "MISC",
    "xpReward": 0.0,
    "cookingTime": 200,
    "craftingBookCategory": "MISC",
    "recipeShapeless": false,
    "recipeSlots": [
      {
        "value": ""
      },
      {
        "value": ""
      },
      {
        "value": ""
      },
      {
        "value": ""
      },
      {
        "value": "Items.APPLE"
      },
      {
        "value": ""
      },
      {
        "value": "Items.BAKED_POTATO"
      },
      {
        "value": "Blocks.CHEST"
      },
      {
        "value": "Items.COOKED_CHICKEN"
      }
    ],
    "recipeReturnStack": {
      "value": "CUSTOM:CajitaFeliz"
    },
    "name": "cajita_feliz_receta",
    "namespace": "mod"
  }
}