{
  "_fv": 57,
  "_type": "achievement",
  "definition": {
    "achievementName": "Entrar Al Servidor",
    "achievementDescription": "entrar a galaxy origins server",
    "achievementIcon": {
      "value": "CUSTOM:AgujeroNegro"
    },
    "background": "Default",
    "disableDisplay": false,
    "showPopup": true,
    "announceToChat": true,
    "hideIfNotCompleted": false,
    "rewardLoot": [],
    "rewardRecipes": [],
    "rewardFunction": "No function",
    "rewardXP": 0,
    "achievementType": "challenge",
    "parent": {
      "value": "No parent: root"
    },
    "triggerxml": "<xml xmlns=\"https://developers.google.com/blockly/xml\"><block type=\"dimension_entered\" x=\"48\" y=\"52\"><field name=\"dimension\">Surface</field><next><block type=\"advancement_trigger\" deletable=\"false\"></block></next></block></xml>"
  }
}