{
  "_fv": 57,
  "_type": "achievement",
  "definition": {
    "achievementName": "Eres Un Viciao",
    "achievementDescription": "Viaciao",
    "achievementIcon": {
      "value": "CUSTOM:Bloque"
    },
    "background": "Default",
    "disableDisplay": false,
    "showPopup": true,
    "announceToChat": true,
    "hideIfNotCompleted": false,
    "rewardLoot": [],
    "rewardRecipes": [],
    "rewardFunction": "No function",
    "rewardXP": 600,
    "achievementType": "challenge",
    "parent": {
      "value": "CUSTOM:Enterserver"
    },
    "triggerxml": "<xml xmlns=\"https://developers.google.com/blockly/xml\"><block type=\"block_placed\" x=\"781\" y=\"41\"><value name=\"block\"><block type=\"mcitem_allblocks\"><field name=\"value\">CUSTOM:Bloque</field></block></value><next><block type=\"advancement_trigger\" deletable=\"false\"></block></next></block></xml>"
  }
}