{
  "_fv": 57,
  "_type": "tool",
  "definition": {
    "toolType": "Sword",
    "renderType": 1,
    "blockingRenderType": 0,
    "texture": "blood-edge-sword2",
    "customModelName": "swordyellow:default",
    "blockingModelName": "Normal blocking",
    "name": "golden blade",
    "specialInformation": {
      "fixedValue": []
    },
    "creativeTab": {
      "value": "CUSTOM:GalaxyTab"
    },
    "harvestLevel": 2,
    "efficiency": 12.0,
    "attackSpeed": 1.0,
    "enchantability": 2,
    "damageVsEntity": 8.0,
    "usageCount": 0,
    "blocksAffected": [],
    "glowCondition": {
      "fixedValue": false
    },
    "repairItems": [],
    "immuneToFire": true,
    "stayInGridWhenCrafting": false,
    "damageOnCrafting": false
  }
}