{
  "_fv": 57,
  "_type": "tool",
  "definition": {
    "toolType": "Sword",
    "renderType": 1,
    "blockingRenderType": 0,
    "texture": "guantelete",
    "customModelName": "guantelete:default",
    "blockingModelName": "Normal blocking",
    "name": "guantelete",
    "specialInformation": {
      "fixedValue": []
    },
    "creativeTab": {
      "value": "CUSTOM:GalaxyTab"
    },
    "harvestLevel": 1,
    "efficiency": 4.0,
    "attackSpeed": 1.0,
    "enchantability": 25,
    "damageVsEntity": 13.0,
    "usageCount": 100,
    "blocksAffected": [],
    "glowCondition": {
      "fixedValue": true
    },
    "repairItems": [],
    "immuneToFire": true,
    "stayInGridWhenCrafting": false,
    "damageOnCrafting": false
  }
}