{
  "_fv": 57,
  "_type": "recipe",
  "definition": {
    "recipeType": "Crafting",
    "recipeRetstackSize": 1,
    "group": "",
    "cookingBookCategory": "MISC",
    "xpReward": 0.0,
    "cookingTime": 200,
    "craftingBookCategory": "MISC",
    "recipeShapeless": false,
    "recipeSlots": [
      {
        "value": "CUSTOM:PepitaDeAlmas"
      },
      {
        "value": "CUSTOM:PepitaDeAlmas"
      },
      {
        "value": "CUSTOM:PepitaDeAlmas"
      },
      {
        "value": "CUSTOM:PepitaDeAlmas"
      },
      {
        "value": "CUSTOM:PepitaDeAlmas"
      },
      {
        "value": "CUSTOM:PepitaDeAlmas"
      },
      {
        "value": "CUSTOM:PepitaDeAlmas"
      },
      {
        "value": "CUSTOM:PepitaDeAlmas"
      },
      {
        "value": "CUSTOM:PepitaDeAlmas"
      }
    ],
    "recipeReturnStack": {
      "value": "CUSTOM:Soularium"
    },
    "name": "soulingot_receta",
    "namespace": "mod"
  }
}