{
  "_fv": 57,
  "_type": "achievement",
  "definition": {
    "achievementName": "Super Cacotas",
    "achievementDescription": "Guarro",
    "achievementIcon": {
      "value": "CUSTOM:SuperCaca"
    },
    "background": "Default",
    "disableDisplay": false,
    "showPopup": true,
    "announceToChat": true,
    "hideIfNotCompleted": false,
    "rewardLoot": [],
    "rewardRecipes": [],
    "rewardFunction": "No function",
    "rewardXP": 0,
    "achievementType": "challenge",
    "parent": {
      "value": "CUSTOM:Enterserver"
    },
    "triggerxml": "<xml xmlns=\"https://developers.google.com/blockly/xml\"><block type=\"item_consumed\" x=\"44\" y=\"28\"><value name=\"item\"><block type=\"mcitem_all\"><field name=\"value\">CUSTOM:SuperCaca</field></block></value><next><block type=\"advancement_trigger\" deletable=\"false\"></block></next></block></xml>"
  }
}