{
  "_fv": 57,
  "_type": "tool",
  "definition": {
    "toolType": "Pickaxe",
    "renderType": 1,
    "blockingRenderType": 0,
    "texture": "picouser",
    "customModelName": "picouser:default",
    "blockingModelName": "Normal blocking",
    "name": "§3Vanguard §bPickaxe",
    "specialInformation": {
      "fixedValue": []
    },
    "creativeTab": {
      "value": "CUSTOM:GalaxyArmas"
    },
    "harvestLevel": 1,
    "efficiency": 4.0,
    "attackSpeed": 1.0,
    "enchantability": 10,
    "damageVsEntity": 6.0,
    "usageCount": 1000,
    "blocksAffected": [],
    "glowCondition": {
      "fixedValue": false
    },
    "repairItems": [
      {
        "value": "CUSTOM:VanguardIngot"
      }
    ],
    "immuneToFire": true,
    "stayInGridWhenCrafting": false,
    "damageOnCrafting": false
  }
}